square,price,address
500 m²,2 285 852 440 so’mKelishilgan,"Toshkent, Olmazor tumani - 2025-06-28"
1 060 m²,952 438 517 so’m,Andijon - 2025-07-01
300 m²,761 950 813 so’mKelishilgan,Samarqand - 2025-07-01
250 m²,2 984 307 352 so’m,"Toshkent, Olmazor tumani - Bugunda 10:11"
4 m²,4 063 737 671 so’mKelishilgan,"Toshkent, Mirzo-Ulug‘bek tumani - Bugunda 10:11"
830 m²,3 301 786 857 so’mKelishilgan,Samarqand - Bugunda 10:11
200 m²,3 174 795 055 so’mKelishilgan,"Toshkent, Yunusobod tumani - Bugunda 10:11"
650 m²,5 587 639 297 so’mKelishilgan,"Toshkent, Yunusobod tumani - Bugunda 10:11"
170 m²,2 793 819 649 so’mKelishilgan,"Toshkent, Mirzo-Ulug‘bek tumani - Bugunda 10:10"
130 m²,965 137 697 so’mKelishilgan,"Toshkent, Sirg‘ali tumani - Bugunda 10:10"
6 m²,393 674 587 so’m,Buxoro - Bugunda 10:08
13 m²,990 536 057 so’m,Samarqand - Bugunda 10:08
53 m²,317 479 506 so’m,Samarqand - Bugunda 10:07
125 m²,1 511 202 446 so’m,"Toshkent, Yashnobod tumani - 2025-07-01"
1 m²,1 777 885 231 so’m,"Toshkent, Yakkasaroy tumani - 2025-06-29"
299 m²,1 206 422 121 so’mKelishilgan,Chirchiq - Bugunda 09:30
600 m²,698 454 912 so’m,Keles - Bugunda 10:06
150 m²,698 454 912 so’mKelishilgan,"Toshkent, Bektemir tumani - Bugunda 10:06"
974 m²,2 285 852 440 so’mKelishilgan,Keles - Bugunda 10:05
60 m²,825 446 714 so’m,"Toshkent, Mirzo-Ulug‘bek tumani - Bugunda 10:05"
138 m²,1 409 609 005 so’m,"Toshkent, Sirg‘ali tumani - Bugunda 10:05"
450 m²,5 968 614 704 so’mKelishilgan,"Toshkent, Mirzo-Ulug‘bek tumani - Bugunda 10:04"
15 000 m²,3 809 754 066 so’m,"Toshkent, Chilonzor tumani - Bugunda 10:06"
100 m²,5 079 672 088 so’m,"Toshkent, Sirg‘ali tumani - Bugunda 10:02"
200 m²,5 714 631 099 so’m,"Toshkent, Mirzo-Ulug‘bek tumani - Bugunda 10:02"
75 m²,927 040 156 so’mKelishilgan,"Toshkent, Mirzo-Ulug‘bek tumani - Bugunda 10:01"
200 m²,2 730 323 748 so’m,Qibray - 2025-06-30
1 200 m²,3 047 803 253 so’m,Bulung'ur - 2025-07-01
78 m²,798 778 436 so’m,"Toshkent, Shayxontohur tumani - 2025-07-01"
281 m²,7 619 508 133 so’mKelishilgan,"Toshkent, Mirzo-Ulug‘bek tumani - Bugunda 10:01"
60 m²,609 560 651 so’mKelishilgan,"Toshkent, Mirobod tumani - Bugunda 10:03"
350 m²,5 460 647 495 so’mKelishilgan,"Toshkent, Mirzo-Ulug‘bek tumani - Bugunda 10:01"
400 m²,5 079 672 088 so’mKelishilgan,"Toshkent, Mirzo-Ulug‘bek tumani - Bugunda 10:01"
250 m²,1 765 186 051 so’mKelishilgan,Keles - Bugunda 10:00
300 m²,2 158 860 638 so’mKelishilgan,"Toshkent, Mirzo-Ulug‘bek tumani - Bugunda 10:00"
761 m²,634 959 011 so’mKelishilgan,Pskent - Bugunda 10:00
360 m²,6 349 590 111 so’mKelishilgan,"Toshkent, Mirzo-Ulug‘bek tumani - Bugunda 09:59"
300 m²,9 524 385 166 so’mKelishilgan,"Toshkent, Mirzo-Ulug‘bek tumani - Bugunda 09:57"
4 m²,2 095 364 736 so’m,"Toshkent, Sirg‘ali tumani - Bugunda 09:57"
180 m²,925 770 238 so’m,Nazarbek - 2025-07-01
4.50 m²,546 064 750 so’m,Navoiy - 2025-06-30
366 m²,825 446 714 so’mKelishilgan,Urganch - 2025-06-30
400 m²,8 254 467 144 so’mKelishilgan,Qibray - Bugunda 09:57
270 m²,2 019 169 655 so’m,"Toshkent, Yashnobod tumani - Bugunda 09:57"
400 m²,4 190 729 473 so’m,"Toshkent, Sirg‘ali tumani - Bugunda 09:55"
450 m²,15 239 016 265 so’mKelishilgan,"Toshkent, Mirzo-Ulug‘bek tumani - Bugunda 09:55"
350 m²,2 984 307 352 so’mKelishilgan,Qibray - Bugunda 09:55
250 m²,2 666 827 846 so’mKelishilgan,"Toshkent, Mirzo-Ulug‘bek tumani - Bugunda 09:53"
300 m²,7 111 540 924 so’mKelishilgan,"Toshkent, Yakkasaroy tumani - Bugunda 09:53"
350 m²,8 876 726 974 so’mKelishilgan,"Toshkent, Mirzo-Ulug‘bek tumani - Bugunda 09:53"
1 000 m²,20 318 688 354 so’mKelishilgan,"Toshkent, Yakkasaroy tumani - Bugunda 09:53"
65 m²,100 000 000 so’mKelishilgan,Jizzax - Bugunda 09:53
,,
500 m²,1 269 918 022 so’m,Buxoro - 2025-06-30
4 m²,2 412 844 242 so’m,"Toshkent, Shayxontohur tumani - 2025-07-01"
400 m²,7 746 499 935 so’mKelishilgan,"Toshkent, Yakkasaroy tumani - 2025-07-01"
11.29 m²,2 044 568 016 so’m,Samarqand - 2025-07-01
8 m²,1 079 430 319 so’m,"Toshkent, Bektemir tumani - 2025-07-01"
370 m²,2 285 852 440 so’m,Samarqand - 2025-06-30
410 m²,5 333 655 693 so’m,"Toshkent, Mirzo-Ulug‘bek tumani - 2025-06-30"
350 m²,3 746 258 165 so’mKelishilgan,"Toshkent, Sirg‘ali tumani - 2025-06-30"
3 480 m²,2 666 827 846 so’m,Eshonguzar - 2025-06-29
18.45 m²,1 257 218 842 so’mKelishilgan,"Toshkent, Yashnobod tumani - Bugunda 09:50"
600 m²,2 920 811 451 so’m,Qibray - Bugunda 09:52
87 m²,444 471 308 so’m,Samarqand - Bugunda 09:48
1 300 m²,9 524 385 166 so’m,"Toshkent, Mirzo-Ulug‘bek tumani - Bugunda 09:46"
50 m²,1 079 430 319 so’mKelishilgan,"Toshkent, Bektemir tumani - Bugunda 09:48"
5 m²,450 000 000 so’mKelishilgan,Navoiy - Bugunda 09:45
90 m²,838 145 895 so’mKelishilgan,"Toshkent, Sirg‘ali tumani - Bugunda 09:43"
600 m²,1 692 965 813 so’mKelishilgan,Samarqand - 2025-07-01
1 000 m²,3 936 745 869 so’mKelishilgan,"Toshkent, Yakkasaroy tumani - 2025-06-30"
390 m²,2 730 323 748 so’m,"Toshkent, Yunusobod tumani - Bugunda 09:43"
220 m²,2 311 250 800 so’m,"Toshkent, Sirg‘ali tumani - Bugunda 09:43"
120 m²,1 561 999 167 so’mKelishilgan,"Toshkent, Sirg‘ali tumani - Bugunda 09:43"
6 m²,693 000 000 so’m,Yangiyo'l - Bugunda 09:43
120 m²,1 841 381 132 so’mKelishilgan,"Toshkent, Mirobod tumani - Bugunda 09:42"
85 m²,704 804 502 so’m,"Toshkent, Yashnobod tumani - Bugunda 09:42"
20 m²,1 085 144 950 so’mKelishilgan,"Toshkent, Yashnobod tumani - Bugunda 09:42"
0.60 m²,431 772 128 so’mKelishilgan,"Toshkent, Yashnobod tumani - Bugunda 09:42"
90 m²,1 212 771 711 so’m,"Toshkent, Mirobod tumani - Bugunda 09:42"
354 m²,3 936 745 869 so’mKelishilgan,"Toshkent, Mirobod tumani - Bugunda 09:42"
450 m²,5 079 672 088 so’m,"Toshkent, Mirzo-Ulug‘bek tumani - 2025-06-30"
1 000 m²,1 549 299 987 so’mKelishilgan,Navoiy - 2025-07-01
2.60 m²,1 549 299 987 so’mKelishilgan,Nazarbek - 2025-06-30
48 m²,800 100 000 so’mKelishilgan,"Toshkent, Chilonzor tumani - 2025-06-27"
300 m²,888 942 615 so’m,Samarqand - 2025-06-21
700 m²,253 970 905 so’mKelishilgan,Yangiyo'l - 2025-06-26
550 m²,761 950 813 so’m,Yangiyo'l - 2025-06-30
220 m²,880 000 000 so’m,Navoiy - Bugunda 10:24
77 m²,1 269 918 022 so’mKelishilgan,"Toshkent, Uchtepa tumani - 2025-06-02"
400 m²,545 000 000 so’mKelishilgan,Navoiy - 2025-07-01
600 m²,3 936 745 869 so’mKelishilgan,"Toshkent, Olmazor tumani - 2025-07-01"
3 m²,1 650 893 429 so’m,"Toshkent, Yunusobod tumani - 2025-06-09"
6 m²,450 000 000 so’mKelishilgan,Nukus - 2025-06-30
100 m²,1 523 901 627 so’m,"Toshkent, Yashnobod tumani - 2025-07-01"
500 m²,888 942 615 so’mKelishilgan,"Toshkent, Yakkasaroy tumani - Bugunda 10:22"
600 m²,1 803 283 591 so’m,"Toshkent, Bektemir tumani - Bugunda 10:22"
500 m²,3 174 795 055 so’mKelishilgan,Samarqand - Bugunda 10:22
100 m²,927 040 156 so’mKelishilgan,"Toshkent, Yunusobod tumani - Bugunda 10:20"
380 m²,2 857 315 550 so’mKelishilgan,Samarqand - Bugunda 10:22
300 m²,4 381 217 176 so’mKelishilgan,"Toshkent, Olmazor tumani - Bugunda 10:21"
700 m²,507 967 209 so’mKelishilgan,Yangiariq - Bugunda 10:19
200 m²,787 349 174 so’mKelishilgan,"Toshkent, Yashnobod tumani - Bugunda 10:21"
200 m²,1 206 422 121 so’mKelishilgan,"Toshkent, Sirg‘ali tumani - Bugunda 10:18"
100 m²,1 612 795 888 so’mKelishilgan,"Toshkent, Yashnobod tumani - Bugunda 10:18"
470 m²,1 904 877 033 so’m,"Toshkent, Sirg‘ali tumani - 2025-06-29"
530 m²,3 428 778 660 so’mKelishilgan,"Toshkent, Mirobod tumani - 2025-06-30"
800 m²,1 714 389 330 so’m,Keles - 2025-06-29
4 700 m²,1 904 877 033 so’mKelishilgan,Qibray - Bugunda 10:18
450 m²,2 793 819 649 so’m,"Toshkent, Shayxontohur tumani - Bugunda 10:17"
6 m²,3 174 795 055 so’m,"Toshkent, Uchtepa tumani - Bugunda 10:16"
240 m²,1 649 623 511 so’m,Samarqand - Bugunda 10:16
615 m²,2 438 242 602 so’mKelishilgan,"Toshkent, Yunusobod tumani - Bugunda 10:16"
3.20 m²,7 365 524 528 so’mKelishilgan,"Toshkent, Mirzo-Ulug‘bek tumani - Bugunda 10:15"
335 m²,5 651 135 198 so’m,"Toshkent, Mirzo-Ulug‘bek tumani - Bugunda 10:15"
799 m²,4 444 713 077 so’m,Balandchaqir - 2025-06-29
3 m²,1 206 422 121 so’mKelishilgan,Samarqand - 2025-06-30
760 m²,3 174 795 055 so’mKelishilgan,"Toshkent, Yunusobod tumani - 2025-06-29"
,,
400 m²,1 130 227 040 so’mKelishilgan,Andijon - 2025-06-29
482 m²,2 476 340 143 so’mKelishilgan,Keles - 2025-06-30
500 m²,4 571 704 880 so’mKelishilgan,"Toshkent, Uchtepa tumani - 2025-07-01"
120 m²,1 079 430 319 so’mKelishilgan,"Toshkent, Mirobod tumani - 2025-06-29"
400 m²,2 158 860 638 so’m,"Toshkent, Bektemir tumani - 2025-07-01"
102 m²,1 587 397 528 so’mKelishilgan,"Toshkent, Mirobod tumani - 2025-07-01"
600 m²,1 892 177 853 so’mKelishilgan,"Toshkent, Sirg‘ali tumani - 2025-07-01"
70 m²,697 184 994 so’m,"Toshkent, Yashnobod tumani - 2025-06-10"
500 m²,2 920 811 451 so’m,"Toshkent, Mirzo-Ulug‘bek tumani - 2025-06-29"
5.60 m²,2 031 868 835 so’mKelishilgan,"Toshkent, Yashnobod tumani - 2025-06-29"
100 m²,1 549 299 987 so’m,"Toshkent, Yashnobod tumani - Bugunda 09:42"
65 m²,704 804 502 so’mKelishilgan,"Toshkent, Yashnobod tumani - Bugunda 09:42"
200 m²,2 031 868 835 so’mKelishilgan,"Toshkent, Yashnobod tumani - Bugunda 09:42"
70 m²,603 211 060 so’m,"Toshkent, Yashnobod tumani - Bugunda 09:42"
30 m²,1 400 719 578 so’m,"Toshkent, Yashnobod tumani - Bugunda 09:42"
105 m²,2 349 348 341 so’m,"Toshkent, Yashnobod tumani - Bugunda 09:41"
800 m²,2 158 860 638 so’m,Qibray - 2025-07-01
220 m²,1 206 422 121 so’m,"Toshkent, Yashnobod tumani - 2025-06-30"
300 m²,323 829 096 so’mKelishilgan,"Toshkent, Yashnobod tumani - Bugunda 09:38"
370 m²,3 797 054 886 so’m,"Toshkent, Sirg‘ali tumani - Bugunda 09:37"
200 m²,2 057 267 196 so’mKelishilgan,"Toshkent, Sirg‘ali tumani - Bugunda 09:36"
1 000 m²,2 349 348 341 so’m,Kattaqo'rg'on - Bugunda 09:34
1 m²,812 747 534 so’mKelishilgan,"Toshkent, Yashnobod tumani - Bugunda 09:33"
150 m²,3 174 795 055 so’mKelishilgan,"Toshkent, Mirzo-Ulug‘bek tumani - Bugunda 09:32"
750 m²,11 429 262 199 so’m,"Toshkent, Mirzo-Ulug‘bek tumani - Bugunda 09:32"
150 m²,761 950 813 so’mKelishilgan,Qibray - Bugunda 09:42
400 m²,5 841 622 902 so’m,"Toshkent, Mirobod tumani - Bugunda 09:30"
900 m²,736 552 453 so’m,Qo'qon - 2025-07-01
200 m²,1 523 901 627 so’mKelishilgan,"Toshkent, Sirg‘ali tumani - 2025-07-01"
350 m²,8 254 467 144 so’m,"Toshkent, Yakkasaroy tumani - Bugunda 09:29"
220 m²,2 158 860 638 so’m,"Toshkent, Yunusobod tumani - Bugunda 09:28"
350 m²,4 178 030 293 so’mKelishilgan,"Toshkent, Yunusobod tumani - Bugunda 09:28"
650 m²,3 301 786 857 so’mKelishilgan,"Toshkent, Yunusobod tumani - Bugunda 09:28"
150 m²,571 463 110 so’mKelishilgan,Buxoro - Bugunda 09:30
175 m²,2 914 461 861 so’m,"Toshkent, Mirobod tumani - Bugunda 09:27"
400 m²,4 571 704 880 so’m,"Toshkent, Sirg‘ali tumani - Bugunda 09:27"
400 m²,8 762 434 352 so’mKelishilgan,"Toshkent, Mirzo-Ulug‘bek tumani - Bugunda 09:23"
160 m²,1 015 934 418 so’mKelishilgan,"Toshkent, Bektemir tumani - Bugunda 09:22"
4 m²,460 000 000 so’m,Taxiatosh - Bugunda 09:22
6.20 m²,2 920 811 451 so’m,"Toshkent, Mirobod tumani - 2025-07-01"
140 m²,1 396 909 824 so’m,"Toshkent, Chilonzor tumani - 2025-07-01"
18.45 m²,189 217 785 so’mKelishilgan,"Toshkent, Yashnobod tumani - 2025-07-01"
150 m²,3 174 795 055 so’mKelishilgan,"Toshkent, Chilonzor tumani - Bugunda 09:19"
265 m²,3 936 745 869 so’m,"Toshkent, Chilonzor tumani - Bugunda 09:12"
1 000 m²,1 777 885 231 so’m,Buxoro - Bugunda 09:11
76 m²,634 959 011 so’m,Qarshi - Bugunda 09:10
300 m²,4 825 688 484 so’mKelishilgan,"Toshkent, Mirzo-Ulug‘bek tumani - Bugunda 09:10"
400 m²,2 095 364 736 so’mKelishilgan,Samarqand - Bugunda 09:09
200 m²,4 571 704 880 so’mKelishilgan,"Toshkent, Mirzo-Ulug‘bek tumani - Bugunda 09:08"
120 m²,1 549 299 987 so’mKelishilgan,"Toshkent, Yashnobod tumani - Bugunda 09:08"
400 m²,8 635 442 550 so’mKelishilgan,"Toshkent, Mirzo-Ulug‘bek tumani - Bugunda 09:08"
185 m²,1 904 877 033 so’mKelishilgan,Chirchiq - Bugunda 09:07
600 m²,450 820 898 so’mKelishilgan,Yangiyo'l - 2025-06-30
175 m²,2 006 470 475 so’mKelishilgan,"Toshkent, Olmazor tumani - 2025-06-30"
220 m²,2 666 827 846 so’mKelishilgan,Qibray - Bugunda 09:06
59 m²,787 349 174 so’m,"Toshkent, Chilonzor tumani - Bugunda 09:05"
160 m²,1 714 389 330 so’m,"Toshkent, Yunusobod tumani - Bugunda 09:01"
400 m²,3 111 299 154 so’m,"Toshkent, Uchtepa tumani - Bugunda 08:57"
55 m²,761 938 114 so’m,"Toshkent, Yashnobod tumani - Bugunda 08:56"
660 m²,3 809 754 066 so’mKelishilgan,Nukus - Bugunda 08:54
430 m²,8 254 467 144 so’mKelishilgan,"Toshkent, Yakkasaroy tumani - Bugunda 08:53"
14.50 m²,3 174 795 055 so’mKelishilgan,"Toshkent, Bektemir tumani - Bugunda 08:51"
1.50 m²,787 349 174 so’mKelishilgan,"Toshkent, Sirg‘ali tumani - Bugunda 08:46"
800 m²,8 889 426 155 so’mKelishilgan,"Toshkent, Yunusobod tumani - Bugunda 08:44"
300 m²,1 396 909 824 so’m,"Toshkent, Bektemir tumani - 2025-06-29"
428 m²,787 349 174 so’m,Farg‘ona - 2025-06-30
400 m²,571 463 110 so’mKelishilgan,Samarqand - Bugunda 08:42
100 m²,2 539 836 044 so’mKelishilgan,"Toshkent, Mirzo-Ulug‘bek tumani - Bugunda 08:42"
370 m²,3 797 054 886 so’mKelishilgan,"Toshkent, Shayxontohur tumani - Bugunda 08:41"
150 m²,1 587 397 528 so’mKelishilgan,"Toshkent, Yashnobod tumani - Bugunda 08:36"
600 m²,13 588 122 836 so’mKelishilgan,"Toshkent, Mirzo-Ulug‘bek tumani - Bugunda 08:34"
250 m²,1 688 990 969 so’m,Samarqand - Bugunda 08:32
50 m²,634 959 011 so’m,Galaosiyo - Bugunda 08:29
12 m²,1 206 422 121 so’mKelishilgan,"Toshkent, Mirzo-Ulug‘bek tumani - Bugunda 08:31"
1 000 m²,15 873 975 276 so’mKelishilgan,"Toshkent, Mirzo-Ulug‘bek tumani - Bugunda 08:24"
456 m²,698 454 912 so’m,Kogon - Bugunda 08:22
600 m²,800 000 000 so’mKelishilgan,Qiziltepa - 2025-07-01
280 m²,977 836 877 so’m,To'ytepa - 2025-06-30
300 m²,1 206 422 121 so’m,"Toshkent, Sirg‘ali tumani - 2025-06-30"
7.60 m²,1 396 909 824 so’m,"Toshkent, Bektemir tumani - Bugunda 08:21"
2 000 m²,552 414 340 so’m,"Toshkent, Uchtepa tumani - Bugunda 08:23"
3 000 m²,1 346 113 103 so’m,"Toshkent, Uchtepa tumani - Bugunda 08:18"
1.80 m²,488 918 439 so’m,Nazarbek - Bugunda 08:14
20 m²,5 079 672 so’mKelishilgan,"Toshkent, Uchtepa tumani - Bugunda 08:11"
67 m²,507 967 209 so’m,Farg‘ona - Bugunda 08:10
200 m²,1 596 007 572 so’mKelishilgan,"Toshkent, Sirg‘ali tumani - Bugunda 08:11"
250 m²,1 803 283 591 so’mKelishilgan,"Toshkent, Yakkasaroy tumani - Bugunda 08:06"
2 m²,825 446 714 so’m,"Toshkent, Sirg‘ali tumani - Bugunda 08:05"
712 m²,1 475 500 000 so’m,Mirobod - Bugunda 08:03
260 m²,2 666 827 846 so’mKelishilgan,"Toshkent, Mirobod tumani - 2025-07-01"
9 m²,698 454 912 so’mKelishilgan,Farg‘ona - 2025-06-30
840 m²,4 444 713 077 so’m,"Toshkent, Yashnobod tumani - Bugunda 07:55"
250 m²,3 492 274 561 so’m,"Toshkent, Yunusobod tumani - Bugunda 07:51"
900 m²,952 438 517 so’m,Yangiyo'l - Bugunda 07:50
106 m²,685 755 732 so’mKelishilgan,"Toshkent, Yashnobod tumani - Bugunda 07:43"
400 m²,4 127 233 572 so’m,"Toshkent, Chilonzor tumani - Bugunda 07:42"
73 m²,761 938 114 so’m,"Toshkent, Yashnobod tumani - Bugunda 07:31"
800 m²,3 047 803 253 so’m,"Toshkent, Yashnobod tumani - Bugunda 07:32"
700 m²,3 047 803 253 so’m,"Toshkent, Yashnobod tumani - Bugunda 07:28"
400 m²,1 841 381 132 so’mKelishilgan,"Toshkent, Yunusobod tumani - Bugunda 07:24"
780 m²,1 168 324 580 so’mKelishilgan,Chirchiq - Bugunda 07:18
390 m²,6 730 565 517 so’m,"Toshkent, Mirzo-Ulug‘bek tumani - 2025-07-01"
800 m²,450 000 000 so’mKelishilgan,Nukus - Bugunda 07:17
200 m²,1 079 430 319 so’mKelishilgan,Samarqand - Bugunda 07:17
60 m²,660 357 371 so’mKelishilgan,"Toshkent, Sirg‘ali tumani - Bugunda 07:13"
150 m²,3 809 754 066 so’m,Yangibozor - Bugunda 07:02
800 m²,800 000 000 so’m,Nukus - Bugunda 06:56
200 m²,1 714 389 330 so’m,"Toshkent, Sirg‘ali tumani - Bugunda 06:56"
600 m²,4 063 737 671 so’mKelishilgan,"Toshkent, Olmazor tumani - Bugunda 06:54"
400 m²,1 904 877 033 so’m,Samarqand - Bugunda 06:47
150 m²,1 333 413 923 so’mKelishilgan,"Toshkent, Chilonzor tumani - Bugunda 06:46"
150 m²,507 967 209 so’m,"Toshkent, Yashnobod tumani - Bugunda 06:46"
36.55 m²,546 064 750 so’m,Samarqand - 2025-06-29
120 m²,507 967 209 so’m,"Toshkent, Yakkasaroy tumani - Bugunda 06:45"
150 m²,1 841 381 132 so’mKelishilgan,"Toshkent, Chilonzor tumani - Bugunda 06:45"
180 m²,1 904 877 033 so’m,"Toshkent, Yakkasaroy tumani - Bugunda 06:45"
150 m²,1 041 332 778 so’m,"Toshkent, Sirg‘ali tumani - Bugunda 06:45"
120 m²,1 041 332 778 so’mKelishilgan,"Toshkent, Sirg‘ali tumani - Bugunda 06:45"
351 m²,2 349 348 341 so’mKelishilgan,"Toshkent, Shayxontohur tumani - Bugunda 06:30"
200 m²,1 015 934 418 so’mKelishilgan,Jizzax - Bugunda 06:19
300 m²,4 000 241 770 so’m,"Toshkent, Yunusobod tumani - Bugunda 06:15"
300 m²,2 793 819 649 so’m,"Toshkent, Yunusobod tumani - Bugunda 06:14"
150 m²,571 463 110 so’mKelishilgan,Zangiota - Bugunda 06:15
100 m²,2 666 827 846 so’mKelishilgan,"Toshkent, Mirzo-Ulug‘bek tumani - 2025-06-04"
6 m²,1 841 381 132 so’mKelishilgan,"Toshkent, Sirg‘ali tumani - Bugunda 06:14"
3.40 m²,1 523 901 627 so’mKelishilgan,Keles - Bugunda 06:07
220 m²,3 073 201 613 so’mKelishilgan,"Toshkent, Mirzo-Ulug‘bek tumani - Bugunda 06:06"
220 m²,3 073 201 613 so’m,"Toshkent, Mirzo-Ulug‘bek tumani - Bugunda 06:06"
400 m²,692 105 322 so’mKelishilgan,Qibray - Bugunda 06:05
625 m²,44 447 130 774 so’mKelishilgan,"Toshkent, Mirzo-Ulug‘bek tumani - Bugunda 05:58"
450 m²,13 969 098 243 so’mKelishilgan,"Toshkent, Mirzo-Ulug‘bek tumani - Bugunda 05:56"
250 m²,3 555 770 462 so’m,"Toshkent, Mirzo-Ulug‘bek tumani - Bugunda 05:55"
200 m²,3 809 754 066 so’m,"Toshkent, Mirzo-Ulug‘bek tumani - Bugunda 05:54"
300 m²,1 587 397 528 so’m,Samarqand - Bugunda 05:48
2 m²,863 544 255 so’mKelishilgan,Yangiyo'l - 2025-07-01
270 m²,888 942 615 so’mKelishilgan,"Toshkent, Mirzo-Ulug‘bek tumani - Bugunda 05:47"
300 m²,888 942 615 so’mKelishilgan,"Toshkent, Mirzo-Ulug‘bek tumani - Bugunda 05:47"
400 m²,1 396 909 824 so’mKelishilgan,"Toshkent, Bektemir tumani - Bugunda 05:44"
400 m²,5 460 647 495 so’mKelishilgan,"Toshkent, Mirzo-Ulug‘bek tumani - Bugunda 05:44"
102 m²,1 714 389 330 so’mKelishilgan,"Toshkent, Mirobod tumani - Bugunda 05:43"
206 m²,3 682 762 264 so’mKelishilgan,"Toshkent, Mirobod tumani - Bugunda 05:32"
450 m²,11 428 817 728 so’m,"Toshkent, Mirzo-Ulug‘bek tumani - Bugunda 05:18"
400 m²,6 984 104 650 so’m,"Toshkent, Mirzo-Ulug‘bek tumani - Bugunda 05:17"
540 m²,10 793 858 717 so’m,"Toshkent, Mirzo-Ulug‘bek tumani - Bugunda 05:17"
300 m²,4 825 688 484 so’m,"Toshkent, Mirzo-Ulug‘bek tumani - Bugunda 05:16"
900 m²,4 444 713 077 so’mKelishilgan,"Toshkent, Yunusobod tumani - 2025-07-01"
450 m²,6 159 102 407 so’mKelishilgan,"Toshkent, Mirzo-Ulug‘bek tumani - Bugunda 05:18"
350 m²,5 714 631 099 so’mKelishilgan,"Toshkent, Yakkasaroy tumani - Bugunda 05:17"
400 m²,5 079 672 088 so’mKelishilgan,"Toshkent, Mirzo-Ulug‘bek tumani - Bugunda 05:17"
450 m²,6 730 565 517 so’mKelishilgan,"Toshkent, Mirzo-Ulug‘bek tumani - Bugunda 05:16"
300 m²,5 333 655 693 so’mKelishilgan,"Toshkent, Mirzo-Ulug‘bek tumani - Bugunda 05:16"
450 m²,8 889 426 155 so’m,"Toshkent, Mirzo-Ulug‘bek tumani - Bugunda 04:56"
5.65 m²,2 476 340 143 so’mKelishilgan,"Toshkent, Mirobod tumani - Bugunda 04:50"
600 m²,9 016 417 957 so’m,"Toshkent, Mirzo-Ulug‘bek tumani - Bugunda 04:46"
500 m²,5 714 631 099 so’mKelishilgan,"Toshkent, Mirobod tumani - Bugunda 04:40"
4.40 m²,1 333 413 923 so’m,"Toshkent, Sirg‘ali tumani - Bugunda 04:39"
1 000 m²,8 254 467 144 so’m,"Toshkent, Yashnobod tumani - Bugunda 00:44"
180 m²,1 650 893 429 so’m,"Toshkent, Sirg‘ali tumani - 2025-06-30"
360 m²,3 301 786 857 so’mKelishilgan,"Toshkent, Yashnobod tumani - Bugunda 04:26"
200 m²,2 158 860 638 so’mKelishilgan,"Toshkent, Yunusobod tumani - Bugunda 04:23"
200 m²,1 650 893 429 so’mKelishilgan,"Toshkent, Yashnobod tumani - Bugunda 04:22"
645 m²,3 619 266 363 so’mKelishilgan,"Toshkent, Yunusobod tumani - Bugunda 04:22"
600 m²,4 952 680 286 so’mKelishilgan,"Toshkent, Yunusobod tumani - Bugunda 04:22"
300 m²,2 184 258 998 so’mKelishilgan,"Toshkent, Sirg‘ali tumani - Bugunda 04:22"
42 m²,647 658 191 so’mKelishilgan,"Toshkent, Yunusobod tumani - Bugunda 03:56"
6.30 m²,317 479 506 so’m,"Toshkent, Chilonzor tumani - Bugunda 03:55"
400 m²,1 803 283 591 so’mKelishilgan,"Toshkent, Yunusobod tumani - Bugunda 09:01"
2 m²,685 755 732 so’m,Nazarbek - Bugunda 03:39
4 000 m²,3 047 803 253 so’m,"Toshkent, Yashnobod tumani - 2025-07-01"
600 m²,2 285 852 440 so’mKelishilgan,"Toshkent, Olmazor tumani - 2025-06-30"
55 m²,1 650 893 429 so’mKelishilgan,"Toshkent, Mirobod tumani - 2025-06-29"
600 m²,1 269 918 022 so’m,Jizzax - Bugunda 03:35
870 m²,1 231 820 481 so’mKelishilgan,G'ijduvon - Bugunda 03:30
320 m²,2 920 811 451 so’mKelishilgan,Mirobod - Bugunda 03:19
700 m²,17 778 852 309 so’mKelishilgan,"Toshkent, Mirzo-Ulug‘bek tumani - Bugunda 03:01"
400 m²,571 463 110 so’mKelishilgan,Durmen - Bugunda 02:56
300 m²,2 603 331 945 so’mKelishilgan,"Toshkent, Yashnobod tumani - Bugunda 02:48"
370 m²,2 793 819 649 so’mKelishilgan,"Toshkent, Yunusobod tumani - Bugunda 02:44"
456 m²,2 984 307 352 so’mKelishilgan,"Toshkent, Sirg‘ali tumani - Bugunda 02:40"
3.40 m²,2 349 348 341 so’m,"Toshkent, Yashnobod tumani - Bugunda 02:37"
15 m²,1 841 381 132 so’mKelishilgan,"Toshkent, Yunusobod tumani - Bugunda 02:31"
100 m²,1 396 909 824 so’m,"Toshkent, Sirg‘ali tumani - Bugunda 02:26"
100 m²,660 357 371 so’mKelishilgan,Nazarbek - Bugunda 02:07
200 m²,3 555 770 462 so’m,"Toshkent, Mirobod tumani - Bugunda 02:03"
1 000 m²,5 841 622 902 so’mKelishilgan,"Toshkent, Uchtepa tumani - Bugunda 01:53"
450 m²,1 269 918 022 so’mKelishilgan,Yangiyo'l - Bugunda 01:47
1 m²,4 317 721 275 so’m,"Toshkent, Mirobod tumani - Bugunda 01:45"
600 m²,1 777 885 231 so’m,"Toshkent, Bektemir tumani - Bugunda 01:44"
440 m²,2 031 868 835 so’m,"Toshkent, Yashnobod tumani - Bugunda 01:43"
4.88 m²,3 428 778 660 so’mKelishilgan,"Toshkent, Mirzo-Ulug‘bek tumani - Bugunda 01:35"
490 m²,7 238 532 726 so’m,"Toshkent, Mirzo-Ulug‘bek tumani - Bugunda 01:34"
572 m²,2 031 868 835 so’m,"Toshkent, Bektemir tumani - 2025-06-30"
900 m²,571 463 110 so’mKelishilgan,Qarshi - 2025-06-29
420 m²,8 000 483 539 so’m,"Toshkent, Mirzo-Ulug‘bek tumani - Bugunda 01:31"
40 m²,403 833 931 so’m,"Toshkent, Yashnobod tumani - Bugunda 01:30"
300 m²,863 544 255 so’m,"Toshkent, Bektemir tumani - Bugunda 01:30"
8 m²,2 539 836 044 so’mKelishilgan,Mirobod - Bugunda 01:29
76 m²,507 967 209 so’m,Samarqand - Bugunda 01:28
400 m²,4 444 713 077 so’mKelishilgan,"Toshkent, Mirzo-Ulug‘bek tumani - Bugunda 01:27"
450 m²,2 793 819 649 so’mKelishilgan,"Toshkent, Yashnobod tumani - Bugunda 01:26"
520 m²,6 984 549 122 so’mKelishilgan,"Toshkent, Mirzo-Ulug‘bek tumani - Bugunda 01:27"
350 m²,2 920 811 451 so’mKelishilgan,Qibray - Bugunda 01:24
180 m²,4 127 233 572 so’m,"Toshkent, Mirzo-Ulug‘bek tumani - Bugunda 01:23"
600 m²,7 619 508 133 so’m,"Toshkent, Sirg‘ali tumani - 2025-06-29"
350 m²,6 349 590 111 so’mKelishilgan,"Toshkent, Mirzo-Ulug‘bek tumani - Bugunda 01:22"
550 m²,317 479 506 so’m,Zangiota - Bugunda 01:10
593 m²,2 285 852 440 so’mKelishilgan,"Toshkent, Sirg‘ali tumani - Bugunda 01:10"
300 m²,1 752 486 870 so’m,"Toshkent, Yunusobod tumani - Bugunda 01:06"
250 m²,1 079 430 319 so’mKelishilgan,Samarqand - Bugunda 01:00
213 m²,4 127 233 572 so’m,"Toshkent, Mirzo-Ulug‘bek tumani - Bugunda 00:59"
78 m²,736 552 453 so’mKelishilgan,"Toshkent, Yashnobod tumani - Bugunda 00:55"
250 m²,1 079 430 319 so’mKelishilgan,Samarqand - Bugunda 00:55
2 600 m²,1 142 926 220 so’mKelishilgan,Guliston - Bugunda 00:55
200 m²,914 340 976 so’mKelishilgan,Samarqand - Bugunda 00:55
300 m²,736 552 453 so’mKelishilgan,Samarqand - 2025-07-01
5 000 m²,507 967 209 so’m,Nazarbek - Bugunda 00:53
158 m²,1 015 934 418 so’mKelishilgan,Samarqand - Bugunda 00:52
500 m²,4 952 680 286 so’mKelishilgan,"Toshkent, Mirzo-Ulug‘bek tumani - Bugunda 00:49"
700 m²,24 128 442 420 so’mKelishilgan,"Toshkent, Mirzo-Ulug‘bek tumani - Bugunda 00:48"
600 m²,4 571 704 880 so’m,"Toshkent, Uchtepa tumani - Bugunda 00:50"
75 m²,634 959 011 so’m,"Toshkent, Yashnobod tumani - Bugunda 00:47"
600 m²,2 603 331 945 so’m,"Toshkent, Yunusobod tumani - Bugunda 00:48"
200 m²,2 158 860 638 so’m,"Toshkent, Yashnobod tumani - Bugunda 00:48"
250 m²,5 016 176 187 so’m,"Toshkent, Mirzo-Ulug‘bek tumani - Bugunda 00:43"
800 m²,3 809 754 066 so’m,"Toshkent, Yakkasaroy tumani - 2025-06-30"
410 m²,2 158 860 638 so’mKelishilgan,"Toshkent, Yashnobod tumani - 2025-06-29"
200 m²,1 714 389 330 so’m,"Toshkent, Shayxontohur tumani - Bugunda 00:39"
1 500 m²,76 195 081 326 so’mKelishilgan,"Toshkent, Mirzo-Ulug‘bek tumani - Bugunda 00:36"
26 m²,1 650 893 429 so’m,"Toshkent, Olmazor tumani - Bugunda 00:31"
11 m²,16 508 934 287 so’m,"Toshkent, Yunusobod tumani - Bugunda 08:08"
260 m²,5 587 639 297 so’m,"Toshkent, Mirzo-Ulug‘bek tumani - Bugunda 00:29"
457 m²,2 533 486 454 so’m,"Toshkent, Olmazor tumani - Bugunda 00:25"
150 m²,1 244 519 662 so’m,"Toshkent, Yunusobod tumani - Bugunda 00:26"
80 m²,660 357 371 so’m,"Toshkent, Mirobod tumani - Bugunda 00:20"
250 m²,6 794 061 418 so’mKelishilgan,"Toshkent, Mirzo-Ulug‘bek tumani - Bugunda 00:19"
100 m²,895 292 206 so’mKelishilgan,"Toshkent, Mirobod tumani - Bugunda 00:19"
360 m²,6 984 549 122 so’m,"Toshkent, Mirzo-Ulug‘bek tumani - 2025-07-01"
240 m²,1 269 918 022 so’mKelishilgan,Samarqand - 2025-07-01
100 m²,2 095 364 736 so’m,"Toshkent, Mirzo-Ulug‘bek tumani - Bugunda 00:18"
150 m²,2 158 860 638 so’mKelishilgan,"Toshkent, Mirobod tumani - Bugunda 00:18"
80 m²,1 079 430 319 so’m,"Toshkent, Mirobod tumani - Bugunda 00:18"
82 m²,698 454 912 so’m,Buxoro - Bugunda 00:17
160 m²,1 777 885 231 so’m,"Toshkent, Yashnobod tumani - Bugunda 00:16"
590 m²,4 647 899 961 so’m,"Toshkent, Chilonzor tumani - Bugunda 00:14"
500 m²,2 349 348 341 so’m,Qibray - Bugunda 00:12
622 m²,5 079 672 088 so’m,"Toshkent, Yakkasaroy tumani - Bugunda 00:11"
400 m²,2 019 169 655 so’mKelishilgan,"Toshkent, Shayxontohur tumani - Bugunda 00:09"
220 m²,2 527 136 864 so’m,Eshonguzar - 2025-06-30
397 m²,5 333 655 693 so’m,"Toshkent, Yunusobod tumani - 2025-06-30"
246 m²,596 861 470 so’m,Navoiy - Bugunda 00:07
150 m²,3 301 786 857 so’mKelishilgan,"Toshkent, Yunusobod tumani - Bugunda 00:07"
340 m²,3 047 803 253 so’mKelishilgan,"Toshkent, Yunusobod tumani - Bugunda 00:04"
235 m²,4 063 737 671 so’mKelishilgan,"Toshkent, Yunusobod tumani - Bugunda 00:03"
800 m²,24 128 442 420 so’mKelishilgan,"Toshkent, Mirzo-Ulug‘bek tumani - 2025-07-01"
380 m²,5 714 631 099 so’m,"Toshkent, Mirzo-Ulug‘bek tumani - 2025-07-01"
486 m²,6 349 590 111 so’mKelishilgan,"Toshkent, Yunusobod tumani - 2025-07-01"
8 m²,400 000 000 so’m,Nukus - 2025-07-01
622 m²,5 079 672 088 so’m,"Toshkent, Yakkasaroy tumani - 2025-07-01"
20 m²,1 054 031 958 so’mKelishilgan,Sirdaryo - 2025-07-01
220 m²,888 942 615 so’m,Chirchiq - 2025-07-01
382 m²,4 825 688 484 so’m,"Toshkent, Yunusobod tumani - 2025-07-01"
78 m²,405 000 000 so’mKelishilgan,Qarshi - 2025-07-01
250 m²,1 777 885 231 so’mKelishilgan,"Toshkent, Shayxontohur tumani - 2025-07-01"
220 m²,2 285 852 440 so’m,"Toshkent, Yunusobod tumani - 2025-07-01"
600 m²,620 000 000 so’mKelishilgan,Nukus - 2025-07-01
8.36 m²,380 975 407 so’mKelishilgan,Nazarbek - 2025-07-01
300 m²,5 460 647 495 so’m,Qibray - 2025-07-01
187 m²,3 682 762 264 so’m,G'azalkent - 2025-07-01
100 m²,1 968 372 934 so’mKelishilgan,"Toshkent, Sirg‘ali tumani - 2025-07-01"
2 000 m²,4 063 737 671 so’mKelishilgan,Qo'qon - 2025-06-29
200 m²,2 666 827 846 so’mKelishilgan,Eshonguzar - 2025-06-30
300 m²,3 174 795 055 so’mKelishilgan,"Toshkent, Yashnobod tumani - 2025-07-01"
480 m²,5 714 631 099 so’mKelishilgan,"Toshkent, Yashnobod tumani - 2025-07-01"
600 m²,761 950 813 so’m,Nukus - 2025-07-01
1 000 m²,9 016 417 957 so’m,"Toshkent, Chilonzor tumani - 2025-07-01"
15 000 m²,279 381 965 so’mKelishilgan,Sariosiyo - 2025-07-01
70 m²,850 000 000 so’m,"Toshkent, Yashnobod tumani - 2025-07-01"
1 260 m²,1 904 877 033 so’mKelishilgan,Samarqand - 2025-07-01
340 m²,9 016 417 957 so’m,"Toshkent, Mirzo-Ulug‘bek tumani - 2025-07-01"
360 m²,6 349 590 111 so’m,"Toshkent, Mirzo-Ulug‘bek tumani - 2025-07-01"
300 m²,5 333 655 693 so’m,"Toshkent, Yunusobod tumani - 2025-07-01"
200 m²,1 257 218 842 so’mKelishilgan,Zangiota - 2025-07-01
800 m²,1 269 918 022 so’mKelishilgan,Navoiy - 2025-06-30
500 m²,1 903 607 115 so’m,"Toshkent, Olmazor tumani - 2025-07-01"
400 m²,13 588 122 836 so’mKelishilgan,"Toshkent, Mirzo-Ulug‘bek tumani - 2025-07-01"
500 m²,393 674 587 so’mKelishilgan,Qarshi - 2025-07-01
213 m²,4 127 233 572 so’m,"Toshkent, Mirzo-Ulug‘bek tumani - 2025-07-01"
340 m²,5 206 663 891 so’mKelishilgan,"Toshkent, Mirzo-Ulug‘bek tumani - 2025-07-01"
11 m²,444 471 308 so’m,To'ytepa - 2025-07-01
1 m²,1 269 918 022 so’m,Kattaqo'rg'on - 2025-07-01
800 m²,4 635 200 781 so’mKelishilgan,"Toshkent, Chilonzor tumani - 2025-07-01"
111.22 m²,1 155 625 400 so’mKelishilgan,"Toshkent, Yakkasaroy tumani - 2025-07-01"
1 m²,380 975 407 so’m,Kitob - 2025-07-01
306 m²,4 190 729 473 so’mKelishilgan,"Toshkent, Mirzo-Ulug‘bek tumani - 2025-07-01"
600 m²,3 174 795 055 so’mKelishilgan,Buxoro - 2025-06-29
94.55 m²,914 340 976 so’m,"Toshkent, Mirzo-Ulug‘bek tumani - 2025-06-30"
1 111 m²,3 809 754 066 so’m,"Toshkent, Shayxontohur tumani - 2025-07-01"
996 m²,571 463 110 so’m,"Toshkent, Uchtepa tumani - 2025-07-01"
480 m²,4 000 241 770 so’mKelishilgan,"Toshkent, Yunusobod tumani - 2025-07-01"
420 m²,950 000 000 so’m,Urganch - 2025-07-01
380 m²,5 778 127 001 so’m,"Toshkent, Mirzo-Ulug‘bek tumani - 2025-07-01"
3 m²,1 269 918 022 so’mKelishilgan,Chirchiq - 2025-07-01
650 m²,10 159 344 177 so’mKelishilgan,"Toshkent, Mirzo-Ulug‘bek tumani - 2025-07-01"
480 m²,6 349 590 111 so’mKelishilgan,"Toshkent, Mirzo-Ulug‘bek tumani - 2025-07-01"
72 m²,800 048 354 so’mKelishilgan,Eshonguzar - 2025-07-01
400 m²,7 619 508 133 so’m,"Toshkent, Mirzo-Ulug‘bek tumani - 2025-07-01"
300 m²,4 190 729 473 so’m,"Toshkent, Sirg‘ali tumani - 2025-07-01"
450 m²,4 570 434 962 so’m,"Toshkent, Mirzo-Ulug‘bek tumani - 2025-07-01"
700 m²,13 461 131 034 so’m,"Toshkent, Mirzo-Ulug‘bek tumani - 2025-07-01"
1 000 m²,35 557 704 619 so’mKelishilgan,"Toshkent, Mirzo-Ulug‘bek tumani - 2025-07-01"
460 m²,5 778 127 001 so’mKelishilgan,"Toshkent, Mirzo-Ulug‘bek tumani - 2025-07-01"
300 m²,4 189 459 555 so’m,"Toshkent, Mirobod tumani - 2025-07-01"
400 m²,6 349 590 111 so’mKelishilgan,"Toshkent, Shayxontohur tumani - 2025-07-01"
54 m²,1 396 909 824 so’mKelishilgan,Samarqand - 2025-07-01
350 m²,3 289 087 677 so’mKelishilgan,"Toshkent, Yunusobod tumani - 2025-07-01"
400 m²,2 666 827 846 so’m,"Toshkent, Mirzo-Ulug‘bek tumani - 2025-07-01"
6 m²,1 269 918 022 so’mKelishilgan,Samarqand - 2025-06-26
86 m²,1 866 779 492 so’m,"Toshkent, Mirzo-Ulug‘bek tumani - 2025-07-01"
250 m²,5 016 176 187 so’m,"Toshkent, Mirzo-Ulug‘bek tumani - 2025-07-01"
73 m²,220 000 000 so’m,Xo'jayli - 2025-07-01
380 m²,4 444 713 077 so’m,"Toshkent, Yunusobod tumani - 2025-07-01"
200 m²,1 015 934 418 so’m,Chirchiq - 2025-07-01
4 m²,1 587 397 528 so’m,"Toshkent, Yakkasaroy tumani - 2025-07-01"
450 m²,2 412 844 242 so’mKelishilgan,"Toshkent, Yashnobod tumani - 2025-07-01"
400 m²,1 244 519 662 so’mKelishilgan,"Toshkent, Yashnobod tumani - 2025-07-01"
48 m²,825 446 714 so’m,"Toshkent, Yunusobod tumani - 2025-07-01"
3 000 m²,10 159 344 177 so’m,"Toshkent, Yunusobod tumani - 2025-07-01"
520 m²,2 095 364 736 so’mKelishilgan,Samarqand - 2025-06-30
130 m²,1 523 901 627 so’mKelishilgan,"Toshkent, Mirobod tumani - 2025-07-01"
250 m²,787 349 174 so’m,Farg‘ona - 2025-07-01
130 m²,1 523 901 627 so’m,"Toshkent, Yashnobod tumani - 2025-07-01"
6 000 m²,3 682 762 264 so’mKelishilgan,"Toshkent, Shayxontohur tumani - 2025-07-01"
500 m²,1 269 918 022 so’m,Xiva - 2025-07-01
350 m²,8 254 467 144 so’m,"Toshkent, Yakkasaroy tumani - 2025-07-01"
110 m²,1 269 918 022 so’m,"Toshkent, Chilonzor tumani - 2025-07-01"
45 m²,533 365 569 so’mKelishilgan,"Toshkent, Sirg‘ali tumani - 2025-07-01"
40 m²,266 682 785 so’m,Kitob - 2025-07-01
220 m²,1 384 210 644 so’m,"Toshkent, Sirg‘ali tumani - 2025-07-01"
6 000 m²,3 936 745 869 so’mKelishilgan,Keles - 2025-07-01
320 m²,3 682 762 264 so’mKelishilgan,"Toshkent, Chilonzor tumani - 2025-07-01"
140 m²,1 904 877 033 so’mKelishilgan,"Toshkent, Yashnobod tumani - 2025-07-01"
400 m²,888 942 615 so’m,Farg‘ona - 2025-07-01
800 m²,533 365 569 so’m,Juma - 2025-07-01
620 m²,5 143 167 990 so’mKelishilgan,"Toshkent, Yashnobod tumani - 2025-07-01"
500 m²,2 793 819 649 so’mKelishilgan,"Toshkent, Yashnobod tumani - 2025-07-01"
150 m²,444 471 308 so’mKelishilgan,Yangiyo'l - 2025-07-01
500 m²,11 175 278 594 so’m,"Toshkent, Mirobod tumani - 2025-07-01"
80 m²,825 446 714 so’mKelishilgan,"Toshkent, Yashnobod tumani - 2025-07-01"
800 m²,6 222 598 308 so’mKelishilgan,"Toshkent, Yashnobod tumani - 2025-07-01"
78 m²,863 544 255 so’mKelishilgan,Chirchiq - 2025-07-01
213 m²,4 051 038 490 so’mKelishilgan,"Toshkent, Mirzo-Ulug‘bek tumani - 2025-07-01"
105 m²,469 869 668 so’m,Jizzax - 2025-07-01
150 m²,444 471 308 so’mKelishilgan,Kattaqo'rg'on - 2025-07-01
600 m²,7 936 987 638 so’mKelishilgan,Shahrixon - 2025-07-01
230 m²,4 952 680 286 so’m,"Toshkent, Yakkasaroy tumani - 2025-07-01"
5 500 m²,1 117 527 859 so’mKelishilgan,"Toshkent, Sirg‘ali tumani - 2025-07-01"
750 m²,11 429 262 199 so’m,"Toshkent, Mirzo-Ulug‘bek tumani - 2025-07-01"
200 m²,2 730 323 748 so’m,"Toshkent, Yunusobod tumani - 2025-07-01"
280 m²,2 666 827 846 so’m,"Toshkent, Mirzo-Ulug‘bek tumani - 2025-07-01"
180 m²,888 942 615 so’m,"Toshkent, Sirg‘ali tumani - Bugunda 10:39"
150 m²,571 463 110 so’m,Samarqand - 2025-06-30
450 m²,5 776 857 083 so’m,"Toshkent, Mirobod tumani - 2025-07-01"
400 m²,711 154 092 so’m,Qorovul - 2025-07-01
187 m²,952 438 517 so’m,"Toshkent, Yunusobod tumani - 2025-07-01"
389 m²,2 920 811 451 so’mKelishilgan,"Toshkent, Mirobod tumani - 2025-07-01"
360 m²,5 778 127 001 so’m,"Toshkent, Mirzo-Ulug‘bek tumani - 2025-07-01"
300 m²,3 162 095 875 so’mKelishilgan,"Toshkent, Yunusobod tumani - 2025-07-01"
800 m²,550 000 000 so’m,Termiz - 2025-07-01
350 m²,4 190 729 473 so’m,"Toshkent, Yakkasaroy tumani - 2025-07-01"
100 m²,2 920 811 451 so’m,"Toshkent, Shayxontohur tumani - 2025-07-01"
300 m²,6 349 590 111 so’m,"Toshkent, Mirobod tumani - 2025-07-01"
49 m²,571 463 110 so’mKelishilgan,"Toshkent, Bektemir tumani - 2025-06-30"
400 m²,1 168 324 580 so’mKelishilgan,Buxoro - 2025-06-30
380 m²,6 984 549 122 so’m,"Toshkent, Yakkasaroy tumani - 2025-07-01"
600 m²,1 142 926 220 so’m,Buxoro - 2025-07-01
83 m²,1 028 633 598 so’mKelishilgan,"Toshkent, Yunusobod tumani - 2025-07-01"
320 m²,5 968 614 704 so’m,"Toshkent, Mirzo-Ulug‘bek tumani - 2025-07-01"
800 m²,215 886 064 so’mKelishilgan,Nazarbek - 2025-07-01
425 m²,3 873 249 967 so’mKelishilgan,"Toshkent, Yunusobod tumani - 2025-07-01"
4 m²,533 365 569 so’m,"Toshkent, Yunusobod tumani - 2025-07-01"
255 m²,1 777 885 231 so’mKelishilgan,"Toshkent, Chilonzor tumani - 2025-07-01"
500 m²,8 762 434 352 so’m,"Toshkent, Mirzo-Ulug‘bek tumani - 2025-07-01"
460 m²,10 159 344 177 so’mKelishilgan,"Toshkent, Yakkasaroy tumani - 2025-07-01"
6 m²,5 333 655 693 so’mKelishilgan,"Toshkent, Yashnobod tumani - 2025-07-01"
500 m²,8 889 426 155 so’m,"Toshkent, Mirzo-Ulug‘bek tumani - 2025-07-01"
500 m²,5 714 631 099 so’mKelishilgan,"Toshkent, Yashnobod tumani - 2025-07-01"
200 m²,1 244 519 662 so’m,"Toshkent, Yakkasaroy tumani - 2025-07-01"
120 m²,2 031 868 835 so’mKelishilgan,"Toshkent, Yashnobod tumani - 2025-07-01"
2 m²,869 893 845 so’mKelishilgan,"Toshkent, Yashnobod tumani - 2025-07-01"
200 m²,1 777 885 231 so’mKelishilgan,"Toshkent, Yunusobod tumani - 2025-07-01"
3 m²,1 384 210 644 so’mKelishilgan,"Toshkent, Yashnobod tumani - 2025-07-01"
490 m²,13 588 122 836 so’m,"Toshkent, Mirzo-Ulug‘bek tumani - 2025-07-01"
150 m²,469 869 668 so’m,Samarqand - 2025-07-01
300 m²,2 285 852 440 so’m,"Toshkent, Olmazor tumani - 2025-07-01"
400 m²,2 222 356 539 so’mKelishilgan,"Toshkent, Olmazor tumani - 2025-06-27"
424 m²,955 000 000 so’m,Farg‘ona - 2025-07-01
460 m²,5 778 127 001 so’m,Mirobod - 2025-07-01
400 m²,2 031 868 835 so’m,"Toshkent, Yashnobod tumani - 2025-07-01"
320 m²,5 714 631 099 so’mKelishilgan,"Toshkent, Yakkasaroy tumani - 2025-07-01"
370 m²,2 920 811 451 so’mKelishilgan,"Toshkent, Yunusobod tumani - 2025-07-01"
1 700 m²,292 081 145 so’mKelishilgan,Keles - 2025-07-01
400 m²,3 047 803 253 so’mKelishilgan,"Toshkent, Yunusobod tumani - 2025-07-01"
83 m²,1 117 527 859 so’mKelishilgan,"Toshkent, Yunusobod tumani - 2025-07-01"
600 m²,952 438 517 so’m,Samarqand - 2025-07-01
6 000 m²,400 000 000 so’mKelishilgan,Nukus - 2025-07-01
270 m²,3 174 795 055 so’mKelishilgan,"Toshkent, Yashnobod tumani - 2025-07-01"
300 m²,1 333 413 923 so’mKelishilgan,Samarqand - 2025-07-01
150 m²,2 285 852 440 so’mKelishilgan,"Toshkent, Yunusobod tumani - 2025-07-01"
360 m²,1 142 926 220 so’mKelishilgan,Mirobod - 2025-07-01
200 m²,2 019 169 655 so’m,"Toshkent, Olmazor tumani - 2025-07-01"
410 m²,2 857 315 550 so’mKelishilgan,"Toshkent, Yunusobod tumani - 2025-07-01"
600 m²,2 158 860 638 so’m,"Toshkent, Olmazor tumani - 2025-07-01"
25 m²,350 000 000 so’mKelishilgan,Nukus - 2025-07-01
8.70 m²,6 857 557 319 so’m,"Toshkent, Olmazor tumani - 2025-07-01"
1 m²,5 079 672 088 so’m,Navoiy - 2025-06-29
250 m²,977 836 877 so’mKelishilgan,"Toshkent, Sirg‘ali tumani - 2025-06-30"
350 m²,7 238 532 726 so’mKelishilgan,"Toshkent, Mirzo-Ulug‘bek tumani - 2025-07-01"
400 m²,1 000 000 000 so’mKelishilgan,Termiz - 2025-07-01
608 m²,18 413 811 320 so’mKelishilgan,"Toshkent, Mirzo-Ulug‘bek tumani - 2025-07-01"
310 m²,1 968 372 934 so’mKelishilgan,"Toshkent, Sirg‘ali tumani - 2025-07-01"
350 m²,5 079 672 088 so’m,"Toshkent, Yakkasaroy tumani - 2025-07-01"
200 m²,1 371 511 464 so’mKelishilgan,"Toshkent, Yunusobod tumani - 2025-07-01"
500 m²,5 333 655 693 so’m,"Toshkent, Mirzo-Ulug‘bek tumani - 2025-07-01"
90 m²,1 587 397 528 so’mKelishilgan,"Toshkent, Yashnobod tumani - 2025-07-01"
50 m²,571 463 110 so’m,"Toshkent, Yashnobod tumani - 2025-07-01"
100 m²,1 676 291 789 so’mKelishilgan,"Toshkent, Yashnobod tumani - 2025-07-01"
710 m²,1 015 934 418 so’mKelishilgan,"Toshkent, Mirzo-Ulug‘bek tumani - 2025-06-29"
1 200 m²,4 698 696 682 so’m,"Toshkent, Mirzo-Ulug‘bek tumani - 2025-06-30"
17 m²,761 950 813 so’mKelishilgan,Chirchiq - 2025-07-01
200 m²,1 841 381 132 so’mKelishilgan,"Toshkent, Yunusobod tumani - 2025-07-01"
160 m²,1 015 934 418 so’m,"Toshkent, Yunusobod tumani - 2025-07-01"
2.20 m²,1 777 885 231 so’m,"Toshkent, Chilonzor tumani - 2025-07-01"
400 m²,3 174 795 055 so’m,"Toshkent, Mirzo-Ulug‘bek tumani - 2025-07-01"
7 m²,7 619 508 133 so’m,"Toshkent, Mirzo-Ulug‘bek tumani - 2025-07-01"
110 m²,1 523 901 627 so’m,"Toshkent, Yunusobod tumani - 2025-07-01"
450 m²,3 174 795 055 so’mKelishilgan,"Toshkent, Mirzo-Ulug‘bek tumani - 2025-07-01"
1 100 m²,330 178 686 so’mKelishilgan,G'allaorol - 2025-07-01
69 m²,1 079 430 319 so’m,"Toshkent, Yunusobod tumani - 2025-07-01"
792 m²,7 111 540 924 so’mKelishilgan,Yangibozor - 2025-07-01
230 m²,419 072 947 so’mKelishilgan,Xo'jayli - 2025-06-29
429 m²,2 222 356 539 so’mKelishilgan,"Toshkent, Yashnobod tumani - 2025-07-01"
250 m²,1 777 885 231 so’mKelishilgan,Samarqand - 2025-07-01
600 m²,1 800 000 000 so’mKelishilgan,Navoiy - 2025-07-01
15 m²,253 983 604 so’mKelishilgan,Yangibozor - 2025-07-01
500 m²,10 159 344 177 so’m,"Toshkent, Yunusobod tumani - 2025-07-01"
350 m²,3 301 786 857 so’m,"Toshkent, Mirzo-Ulug‘bek tumani - 2025-07-01"
300 m²,3 365 282 759 so’m,"Toshkent, Yunusobod tumani - 2025-07-01"
200 m²,4 952 680 286 so’m,"Toshkent, Mirzo-Ulug‘bek tumani - 2025-07-01"
150 m²,1 396 909 824 so’mKelishilgan,"Toshkent, Sirg‘ali tumani - 2025-07-01"
180 m²,1 460 405 725 so’m,"Toshkent, Sirg‘ali tumani - 2025-07-01"
120 m²,1 079 430 319 so’mKelishilgan,"Toshkent, Sirg‘ali tumani - 2025-07-01"
275 m²,800 000 000 so’mKelishilgan,Jarqo'rg'on - 2025-07-01
4.12 m²,1 904 877 033 so’mKelishilgan,"Toshkent, Olmazor tumani - 2025-07-01"
222 m²,1 092 129 499 so’m,"Toshkent, Bektemir tumani - 2025-07-01"
250 m²,3 809 754 066 so’m,"Toshkent, Yunusobod tumani - 2025-07-01"
600 m²,16 508 845 393 so’m,"Toshkent, Mirzo-Ulug‘bek tumani - 2025-07-01"
400 m²,5 968 614 704 so’mKelishilgan,Samarqand - 2025-07-01
200 m²,1 396 909 824 so’mKelishilgan,Samarqand - 2025-07-01
75.90 m²,1 079 430 319 so’mKelishilgan,"Toshkent, Olmazor tumani - 2025-07-01"
670 m²,7 808 497 333 so’m,"Toshkent, Mirzo-Ulug‘bek tumani - 2025-07-01"
500 m²,7 237 034 223 so’m,"Toshkent, Yunusobod tumani - 2025-07-01"
700 m²,13 969 110 942 so’m,"Toshkent, Mirzo-Ulug‘bek tumani - 2025-07-01"
30 m²,444 471 308 so’mKelishilgan,"Toshkent, Olmazor tumani - 2025-07-01"
1 111 m²,469 869 668 so’m,Farg‘ona - 2025-07-01
431 m²,571 463 110 so’mKelishilgan,To'ytepa - 2025-07-01
2 m²,2 984 307 352 so’mKelishilgan,"Toshkent, Yunusobod tumani - 2025-07-01"
400 m²,9 651 376 968 so’m,"Toshkent, Yakkasaroy tumani - 2025-07-01"
648 m²,20 953 647 365 so’m,"Toshkent, Mirzo-Ulug‘bek tumani - 2025-07-01"
800 m²,22 858 524 398 so’m,"Toshkent, Mirzo-Ulug‘bek tumani - 2025-07-01"
282 m²,3 365 282 759 so’m,"Toshkent, Yunusobod tumani - 2025-07-01"
290 m²,1 269 918 022 so’mKelishilgan,"Toshkent, Bektemir tumani - 2025-07-01"
580 m²,5 155 867 170 so’m,"Toshkent, Yunusobod tumani - 2025-06-30"
10 000 m²,5 714 631 099 so’mKelishilgan,Samarqand - 2025-07-01
370 m²,2 069 966 376 so’mKelishilgan,"Toshkent, Bektemir tumani - 2025-07-01"
6 000 m²,888 942 615 so’mKelishilgan,Navoiy - 2025-07-01
6 000 m²,450 000 000 so’m,Navoiy - 2025-07-01
100 m²,634 959 011 so’mKelishilgan,Qarshi - 2025-07-01
242 m²,6 743 264 697 so’mKelishilgan,"Toshkent, Mirzo-Ulug‘bek tumani - 2025-07-01"
60 m²,6 984 549 122 so’mKelishilgan,"Toshkent, Mirzo-Ulug‘bek tumani - 2025-07-01"
50 m²,3 873 249 967 so’mKelishilgan,"Toshkent, Mirzo-Ulug‘bek tumani - 2025-07-01"
945 m²,6 667 069 616 so’mKelishilgan,"Toshkent, Yashnobod tumani - 2025-07-01"
200 m²,1 219 121 301 so’mKelishilgan,Chirchiq - 2025-07-01
220 m²,2 412 844 242 so’mKelishilgan,"Toshkent, Sirg‘ali tumani - 2025-06-09"
6 m²,1 650 880 730 so’mKelishilgan,Samarqand - 2025-07-01
300 m²,2 285 852 440 so’m,Qibray - 2025-07-01
360 m²,5 714 631 099 so’m,"Toshkent, Mirzo-Ulug‘bek tumani - 2025-07-01"
300 m²,6 349 590 111 so’mKelishilgan,"Toshkent, Mirzo-Ulug‘bek tumani - 2025-07-01"
120 m²,1 104 828 679 so’m,"Toshkent, Sirg‘ali tumani - 2025-07-01"
600 m²,317 479 506 so’mKelishilgan,"Toshkent, Yashnobod tumani - 2025-07-01"
50 m²,457 170 488 so’mKelishilgan,Keles - 2025-07-01
8 m²,634 959 011 so’m,Buxoro - 2025-06-29
750 m²,14 604 057 254 so’mKelishilgan,"Toshkent, Mirzo-Ulug‘bek tumani - 2025-06-30"
70 m²,673 056 552 so’m,"Toshkent, Mirobod tumani - 2025-07-01"
59 m²,558 763 930 so’mKelishilgan,"Toshkent, Sirg‘ali tumani - 2025-07-01"
300 m²,3 809 754 066 so’mKelishilgan,"Toshkent, Uchtepa tumani - 2025-07-01"
285 m²,1 841 381 132 so’mKelishilgan,"Toshkent, Sirg‘ali tumani - 2025-07-01"
411 m²,2 793 819 649 so’mKelishilgan,"Toshkent, Mirzo-Ulug‘bek tumani - 2025-07-01"
460 m²,10 794 303 188 so’m,"Toshkent, Mirzo-Ulug‘bek tumani - 2025-07-01"
600 m²,812 747 534 so’mKelishilgan,"Toshkent, Shayxontohur tumani - 2025-07-01"
6 000 m²,2 095 364 736 so’mKelishilgan,Samarqand - 2025-07-01
600 m²,2 577 933 585 so’mKelishilgan,"Toshkent, Olmazor tumani - 2025-07-01"
4 m²,2 285 852 440 so’mKelishilgan,"Toshkent, Sirg‘ali tumani - 2025-07-01"
450 m²,1 511 202 446 so’mKelishilgan,"Toshkent, Yashnobod tumani - 2025-07-01"
350 m²,12 572 so’mKelishilgan,Navbahor - 2025-06-29
1 100 m²,4 444 713 077 so’mKelishilgan,Samarqand - 2025-07-01
400 m²,3 047 803 253 so’mKelishilgan,"Toshkent, Chilonzor tumani - 2025-07-01"
360 m²,3 746 258 165 so’mKelishilgan,"Toshkent, Mirzo-Ulug‘bek tumani - 2025-07-01"
221 m²,3 047 803 253 so’mKelishilgan,"Toshkent, Sirg‘ali tumani - 2025-07-01"
400 m²,6 349 590 111 so’m,"Toshkent, Chilonzor tumani - 2025-07-01"
281 m²,4 762 192 583 so’mKelishilgan,"Toshkent, Chilonzor tumani - 2025-07-01"
5.20 m²,730 000 000 so’mKelishilgan,Navoiy - 2025-07-01
1 000 m²,158 739 753 so’mKelishilgan,Keles - 2025-07-01
290 m²,2 793 819 649 so’mKelishilgan,"Toshkent, Yunusobod tumani - 2025-07-01"
378 m²,5 524 143 396 so’mKelishilgan,"Toshkent, Yunusobod tumani - 2025-07-01"
600 m²,1 841 381 132 so’mKelishilgan,Jizzax - 2025-07-01
390 m²,3 428 778 660 so’m,"Toshkent, Yunusobod tumani - 2025-07-01"
120 m²,1 904 877 033 so’mKelishilgan,"Toshkent, Yakkasaroy tumani - 2025-07-01"
300 m²,2 171 559 818 so’m,"Toshkent, Yashnobod tumani - 2025-07-01"
800 m²,2 539 836 044 so’mKelishilgan,Chirchiq - 2025-07-01
400 m²,3 555 770 462 so’mKelishilgan,"Toshkent, Yunusobod tumani - 2025-07-01"
600 m²,8 635 442 550 so’mKelishilgan,"Toshkent, Olmazor tumani - 2025-07-01"
360 m²,3 746 258 165 so’mKelishilgan,"Toshkent, Yashnobod tumani - 2025-07-01"
188 m²,2 349 348 341 so’m,"Toshkent, Sirg‘ali tumani - 2025-07-01"
300 m²,6 730 565 517 so’m,"Toshkent, Yakkasaroy tumani - 2025-07-01"
201.60 m²,1 396 909 824 so’mKelishilgan,Buxoro - 2025-07-01
600 m²,1 142 926 220 so’mKelishilgan,Qarshi - 2025-06-30
500 m²,4 698 696 682 so’m,"Toshkent, Mirzo-Ulug‘bek tumani - 2025-07-01"
70 m²,952 438 517 so’m,"Toshkent, Yunusobod tumani - 2025-07-01"
4.50 m²,2 539 836 044 so’mKelishilgan,"Toshkent, Olmazor tumani - 2025-07-01"
450 m²,1 269 918 022 so’m,Qibray - 2025-07-01
800 m²,2 539 836 044 so’mKelishilgan,"Toshkent, Yakkasaroy tumani - 2025-07-01"
300 m²,1 142 926 220 so’mKelishilgan,"Toshkent, Yashnobod tumani - 2025-07-01"
600 m²,1 396 909 824 so’m,Yangi Margʻilon - 2025-07-01
900 m²,592 000 000 so’m,Jizzax - 2025-07-01
102 m²,1 460 405 725 so’mKelishilgan,"Toshkent, Sirg‘ali tumani - 2025-07-01"
120 m²,2 768 421 288 so’m,"Toshkent, Yakkasaroy tumani - 2025-07-01"
300 m²,4 444 713 077 so’mKelishilgan,"Toshkent, Shayxontohur tumani - 2025-07-01"
50 m²,2 539 836 044 so’m,"Toshkent, Mirobod tumani - 2025-07-01"
7 000 m²,8 889 426 155 so’m,"Toshkent, Chilonzor tumani - 2025-07-01"
82 m²,1 015 934 418 so’m,"Toshkent, Yashnobod tumani - 2025-07-01"
100 m²,2 222 356 539 so’m,"Toshkent, Shayxontohur tumani - 2025-07-01"
250 m²,444 471 308 so’mKelishilgan,Jomboy - 2025-07-01
600 m²,2 984 307 352 so’m,Chirchiq - 2025-07-01
400 m²,1 714 389 330 so’mKelishilgan,Samarqand - 2025-07-01
350 m²,1 269 918 022 so’mKelishilgan,Buxoro - 2025-07-01
300 m²,1 714 389 330 so’mKelishilgan,"Toshkent, Mirobod tumani - 2025-07-01"
700 m²,260 333 195 so’mKelishilgan,Qarshi - 2025-06-19
450 m²,12 445 196 617 so’m,"Toshkent, Mirzo-Ulug‘bek tumani - 2025-07-01"
77 m²,797 508 518 so’mKelishilgan,"Toshkent, Mirobod tumani - 2025-07-01"
4 000 m²,2 666 827 846 so’mKelishilgan,"Toshkent, Mirzo-Ulug‘bek tumani - 2025-07-01"
4 m²,700 000 000 so’mKelishilgan,Xo'jayli - 2025-07-01
1 000 m²,15 239 016 265 so’m,"Toshkent, Mirzo-Ulug‘bek tumani - 2025-07-01"
4.82 m²,761 950 813 so’mKelishilgan,"Toshkent, Yunusobod tumani - 2025-07-01"
160 m²,1 269 918 022 so’mKelishilgan,Buxoro - 2025-07-01
500 m²,9 778 368 770 so’m,"Toshkent, Shayxontohur tumani - 2025-07-01"
1 m²,952 438 517 so’mKelishilgan,Chirchiq - 2025-06-30
62.12 m²,330 000 000 so’m,Nukus - 2025-07-01
7 m²,888 942 615 so’m,Farg‘ona - 2025-07-01
4 m²,250 000 000 so’mKelishilgan,Navoiy - 2025-07-01
321 m²,700 000 000 so’m,Chirchiq - 2025-07-01
1.30 m²,634 959 011 so’mKelishilgan,"Toshkent, Mirobod tumani - 2025-07-01"
262.42 m²,250 000 000 so’mKelishilgan,Qo'ng'irot - 2025-07-01
300 m²,5 714 631 099 so’m,"Toshkent, Olmazor tumani - 2025-07-01"
225 m²,2 450 941 783 so’mKelishilgan,"Toshkent, Sirg‘ali tumani - 2025-07-01"
100 m²,863 544 255 so’m,"Toshkent, Sirg‘ali tumani - 2025-07-01"
500 m²,3 619 266 363 so’m,"Toshkent, Sirg‘ali tumani - 2025-07-01"
130 m²,1 460 405 725 so’mKelishilgan,"Toshkent, Sirg‘ali tumani - 2025-07-01"
300 m²,1 714 389 330 so’mKelishilgan,"Toshkent, Yashnobod tumani - 2025-07-01"
8 m²,1 777 885 231 so’mKelishilgan,Chirchiq - 2025-07-01
6 m²,571 463 110 so’mKelishilgan,Beruniy - 2025-07-01
300 m²,1 904 877 033 so’m,"Toshkent, Sirg‘ali tumani - 2025-07-01"
200 m²,1 904 877 033 so’mKelishilgan,"Toshkent, Sirg‘ali tumani - 2025-07-01"
500 m²,1 650 893 429 so’mKelishilgan,"Toshkent, Bektemir tumani - 2025-07-01"
90 m²,2 539 836 044 so’mKelishilgan,"Toshkent, Mirobod tumani - 2025-07-01"
1 000 m²,190 487 703 so’mKelishilgan,Sirdaryo - 2025-07-01
200 m²,1 523 901 627 so’m,"Toshkent, Yashnobod tumani - 2025-07-01"
480 m²,3 809 754 066 so’mKelishilgan,Samarqand - 2025-06-30
12 000 m²,800 048 354 so’mKelishilgan,Jomboy - 2025-07-01
200 m²,5 016 176 187 so’m,"Toshkent, Yakkasaroy tumani - 2025-07-01"
62 m²,800 048 354 so’mKelishilgan,"Toshkent, Yashnobod tumani - 2025-07-01"
800 m²,15 239 016 265 so’mKelishilgan,"Toshkent, Yakkasaroy tumani - 2025-07-01"
63 m²,365 000 000 so’m,Qarshi - 2025-07-01
400 m²,5 714 631 099 so’m,"Toshkent, Olmazor tumani - 2025-07-01"
2.20 m²,1 904 877 033 so’m,"Toshkent, Yunusobod tumani - 2025-07-01"
600 m²,2 222 356 539 so’mKelishilgan,Samarqand - 2025-07-01
300 m²,952 438 517 so’mKelishilgan,Yangiyo'l - 2025-07-01
130 m²,1 396 909 824 so’mKelishilgan,"Toshkent, Mirobod tumani - 2025-07-01"
150 m²,1 117 527 859 so’m,"Toshkent, Bektemir tumani - 2025-07-01"
405 m²,3 238 290 956 so’mKelishilgan,"Toshkent, Uchtepa tumani - 2025-07-01"
63 m²,914 340 976 so’m,"Toshkent, Mirzo-Ulug‘bek tumani - 2025-07-01"
1 000 m²,35 557 704 619 so’m,"Toshkent, Mirzo-Ulug‘bek tumani - 2025-07-01"
160 m²,874 821 127 so’mKelishilgan,"Toshkent, Sirg‘ali tumani - 2025-07-01"
400 m²,1 079 430 319 so’mKelishilgan,"Toshkent, Yashnobod tumani - 2025-07-01"
1 m²,3 936 745 869 so’mKelishilgan,"Toshkent, Mirobod tumani - 2025-07-01"
550 m²,1 904 877 033 so’mKelishilgan,"Toshkent, Sirg‘ali tumani - 2025-07-01"
255 m²,950 000 000 so’mKelishilgan,Nukus - 2025-07-01
200 m²,1 803 283 591 so’mKelishilgan,"Toshkent, Mirzo-Ulug‘bek tumani - 2025-06-29"
550 m²,838 145 895 so’m,Buxoro - 2025-06-18
1.70 m²,1 333 413 923 so’mKelishilgan,Samarqand - 2025-07-01
165 m²,1 587 397 528 so’mKelishilgan,"Toshkent, Yunusobod tumani - 2025-07-01"
250 m²,2 920 811 451 so’mKelishilgan,"Toshkent, Chilonzor tumani - 2025-07-01"
400 m²,6 730 565 517 so’m,"Toshkent, Mirzo-Ulug‘bek tumani - 2025-07-01"
360 m²,6 095 606 506 so’m,"Toshkent, Mirzo-Ulug‘bek tumani - 2025-07-01"
80 m²,330 178 686 so’m,Chirchiq - 2025-07-01
200 m²,279 381 965 so’mKelishilgan,"Toshkent, Yunusobod tumani - 2025-07-01"
300 m²,2 539 836 044 so’mKelishilgan,"Toshkent, Yakkasaroy tumani - 2025-07-01"
330 m²,6 603 573 715 so’mKelishilgan,"Toshkent, Mirzo-Ulug‘bek tumani - 2025-07-01"
770 m²,952 438 517 so’m,"Toshkent, Mirobod tumani - 2025-07-01"
550 m²,990 536 057 so’mKelishilgan,Samarqand - 2025-07-01
80 m²,1 841 381 132 so’mKelishilgan,Mirobod - 2025-07-01
500 m²,546 064 750 so’m,Farg‘ona - 2025-07-01
300 m²,444 471 308 so’mKelishilgan,Chirchiq - 2025-07-01
300 m²,4 432 013 897 so’mKelishilgan,"Toshkent, Mirzo-Ulug‘bek tumani - 2025-07-01"
80 m²,1 015 934 418 so’mKelishilgan,"Toshkent, Bektemir tumani - 2025-07-01"
650 m²,10 146 644 997 so’mKelishilgan,"Toshkent, Mirzo-Ulug‘bek tumani - 2025-07-01"
456 m²,7 429 020 429 so’mKelishilgan,Qibray - 2025-07-01
67 m²,698 454 912 so’mKelishilgan,Chirchiq - 2025-07-01
100 m²,1 460 405 725 so’mKelishilgan,"Toshkent, Sirg‘ali tumani - 2025-07-01"
700 m²,1 904 877 033 so’m,Samarqand - 2025-07-01
120 m²,1 650 893 429 so’m,"Toshkent, Yashnobod tumani - 2025-07-01"
600 m²,4 190 729 473 so’mKelishilgan,Chorvoq - 2025-07-01
2 m²,5 079 672 088 so’m,"Toshkent, Mirzo-Ulug‘bek tumani - 2025-07-01"
400 m²,125 000 000 so’m,Taxiatosh - 2025-07-01
500 m²,2 285 852 440 so’mKelishilgan,Samarqand - 2025-07-01
250 m²,1 777 885 231 so’m,Mirobod - 2025-07-01
300 m²,1 181 023 761 so’m,Keles - 2025-07-01
66.27 m²,698 454 912 so’mKelishilgan,Chirchiq - 2025-07-01
20 m²,698 454 912 so’mKelishilgan,Samarqand - 2025-07-01
4 000 m²,1 587 397 528 so’mKelishilgan,"Toshkent, Yashnobod tumani - 2025-07-01"
500 m²,5 905 118 803 so’m,"Toshkent, Yunusobod tumani - 2025-07-01"
1 400 m²,1 968 372 934 so’mKelishilgan,Chorvoq - 2025-07-01
796 m²,4 063 737 671 so’mKelishilgan,"Toshkent, Mirobod tumani - 2025-07-01"
500 m²,4 063 737 671 so’m,"Toshkent, Mirzo-Ulug‘bek tumani - 2025-07-01"
200 m²,1 904 877 033 so’mKelishilgan,Chorvoq - 2025-07-01
500 m²,1 841 381 132 so’mKelishilgan,Chorvoq - 2025-07-01
120 m²,252 713 686 so’mKelishilgan,Buxoro - 2025-07-01
350 m²,190 487 703 so’m,Chiroqchi - 2025-07-01
120 m²,650 000 000 so’m,Navoiy - 2025-07-01
100 m²,825 446 714 so’mKelishilgan,"Toshkent, Mirzo-Ulug‘bek tumani - 2025-07-01"
700 m²,4 444 713 077 so’mKelishilgan,Samarqand - 2025-07-01
200 m²,550 000 000 so’mKelishilgan,Nukus - 2025-07-01
2 000 m²,4 127 233 572 so’mKelishilgan,Samarqand - 2025-07-01
250 m²,1 041 332 778 so’m,Samarqand - 2025-07-01
120 m²,1 269 918 022 so’mKelishilgan,Samarqand - 2025-07-01
1 000 m²,3 174 795 055 so’m,"Toshkent, Sirg‘ali tumani - 2025-07-01"
1 000 m²,1 079 430 319 so’mKelishilgan,Jizzax - 2025-07-01
270 m²,2 539 836 044 so’m,"Toshkent, Mirzo-Ulug‘bek tumani - 2025-07-01"
184 m²,350 000 000 so’mKelishilgan,Nukus - 2025-06-30
57 m²,1 079 430 319 so’mKelishilgan,"Toshkent, Sirg‘ali tumani - 2025-07-01"
600 m²,6 349 590 111 so’m,"Toshkent, Mirzo-Ulug‘bek tumani - 2025-07-01"
300 m²,234 934 834 so’mKelishilgan,Yangiyo'l - 2025-07-01
60 m²,1 117 527 859 so’mKelishilgan,"Toshkent, Shayxontohur tumani - 2025-07-01"
3 m²,507 967 209 so’mKelishilgan,Yangiyo'l - 2025-07-01
71 m²,628 609 421 so’mKelishilgan,"Toshkent, Sirg‘ali tumani - 2025-07-01"
270 m²,1 111 178 269 so’m,"Toshkent, Olmazor tumani - 2025-07-01"
4 500 m²,3 327 185 218 so’mKelishilgan,"Toshkent, Yashnobod tumani - 2025-07-01"
100 m²,660 357 371 so’m,"Toshkent, Bektemir tumani - 2025-07-01"
2 500 m²,863 544 255 so’m,"Toshkent, Bektemir tumani - 2025-07-01"
360 m²,761 950 813 so’m,Keles - 2025-07-01
40 m²,571 463 110 so’m,"Toshkent, Sirg‘ali tumani - 2025-07-01"
600 m²,1 587 397 528 so’mKelishilgan,Samarqand - 2025-07-01
100 m²,850 845 075 so’m,"Toshkent, Mirobod tumani - 2025-07-01"
600 m²,1 244 519 662 so’m,Zangiota - 2025-07-01
200 m²,622 259 831 so’m,"Toshkent, Shayxontohur tumani - 2025-07-01"
7.30 m²,2 819 218 009 so’mKelishilgan,"Toshkent, Sirg‘ali tumani - 2025-07-01"
150 m²,5 079 672 088 so’m,"Toshkent, Mirzo-Ulug‘bek tumani - 2025-07-01"
60 m²,1 904 877 033 so’mKelishilgan,Guliston - 2025-07-01
80 m²,711 154 092 so’m,"Toshkent, Yakkasaroy tumani - 2025-06-30"
8 m²,2 222 356 539 so’mKelishilgan,Samarqand - 2025-07-01
5 m²,825 446 714 so’mKelishilgan,Samarqand - 2025-07-01
58 m²,444 471 308 so’m,Buxoro - 2025-07-01
4 m²,1 257 218 842 so’m,Buxoro - 2025-07-01
4 m²,507 967 209 so’mKelishilgan,Buxoro - 2025-07-01
1 000 m²,2 031 868 835 so’m,To'ytepa - 2025-07-01
40 m²,300 000 000 so’m,Nukus - 2025-07-01
603 m²,7 619 508 133 so’m,"Toshkent, Yunusobod tumani - 2025-07-01"
94 m²,1 396 909 824 so’m,"Toshkent, Sirg‘ali tumani - 2025-07-01"
600 m²,550 000 000 so’mKelishilgan,Nukus - 2025-06-23
6.20 m²,888 942 615 so’mKelishilgan,Qarshi - 2025-07-01
70 m²,1 269 918 022 so’m,"Toshkent, Yashnobod tumani - 2025-07-01"
3 m²,5 714 631 099 so’mKelishilgan,"Toshkent, Yakkasaroy tumani - 2025-07-01"
6 m²,698 454 912 so’m,Buxoro - 2025-07-01
200 m²,4 952 680 286 so’mKelishilgan,"Toshkent, Yunusobod tumani - 2025-07-01"
600 m²,2 793 819 649 so’m,"Toshkent, Olmazor tumani - 2025-07-01"
300 m²,1 739 787 690 so’mKelishilgan,"Toshkent, Olmazor tumani - 2025-07-01"
3 m²,825 446 714 so’mKelishilgan,Samarqand - 2025-07-01
300 m²,3 428 778 660 so’mKelishilgan,"Toshkent, Yakkasaroy tumani - 2025-07-01"
588 m²,6 222 598 308 so’mKelishilgan,"Toshkent, Mirzo-Ulug‘bek tumani - 2025-07-01"
6.81 m²,5 265 000 000 so’mKelishilgan,"Toshkent, Yunusobod tumani - 2025-07-01"
61.42 m²,825 446 714 so’m,Chirchiq - 2025-07-01
600 m²,1 015 934 418 so’mKelishilgan,Buxoro - 2025-07-01
270 m²,450 820 898 so’mKelishilgan,Buxoro - 2025-07-01
3.70 m²,4 000 241 770 so’mKelishilgan,"Toshkent, Yakkasaroy tumani - 2025-07-01"
119 m²,914 340 976 so’m,"Toshkent, Shayxontohur tumani - 2025-07-01"
100 m²,1 079 430 319 so’m,"Toshkent, Yunusobod tumani - 2025-07-01"
213 m²,3 936 745 869 so’m,"Toshkent, Mirobod tumani - 2025-07-01"
2.85 m²,1 733 438 100 so’m,"Toshkent, Uchtepa tumani - 2025-07-01"
500 m²,8 356 060 585 so’m,"Toshkent, Yakkasaroy tumani - 2025-07-01"
70 m²,761 950 813 so’m,"Toshkent, Mirzo-Ulug‘bek tumani - 2025-07-01"
170 m²,1 219 121 301 so’m,"Toshkent, Sirg‘ali tumani - 2025-06-30"
300 m²,7 365 524 528 so’m,"Toshkent, Mirzo-Ulug‘bek tumani - 2025-07-01"
311 m²,768 300 403 so’m,Samarqand - 2025-07-01
400 m²,3 035 104 073 so’m,"Toshkent, Mirzo-Ulug‘bek tumani - 2025-07-01"
14 000 m²,16 000 967 078 so’mKelishilgan,"Toshkent, Mirzo-Ulug‘bek tumani - 2025-07-01"
200 m²,4 444 713 077 so’m,"Toshkent, Mirzo-Ulug‘bek tumani - 2025-07-01"
70 m²,1 587 397 528 so’mKelishilgan,"Toshkent, Yashnobod tumani - 2025-07-01"
200 m²,1 041 332 778 so’m,"Toshkent, Yunusobod tumani - 2025-07-01"
2.50 m²,1 015 934 418 so’mKelishilgan,"Toshkent, Yashnobod tumani - 2025-07-01"
30 m²,406 373 767 so’m,"Toshkent, Sirg‘ali tumani - 2025-07-01"
416 m²,1 587 397 528 so’mKelishilgan,Qorovul - 2025-07-01
300 m²,3 809 754 066 so’m,"Toshkent, Yunusobod tumani - 2025-07-01"
102.80 m²,3 174 795 055 so’m,"Toshkent, Mirobod tumani - 2025-07-01"
500 m²,1 714 389 330 so’mKelishilgan,"Toshkent, Mirzo-Ulug‘bek tumani - 2025-07-01"
6 000 m²,450 000 000 so’mKelishilgan,Xo'jayli - 2025-07-01
400 m²,5 206 663 891 so’mKelishilgan,"Toshkent, Chilonzor tumani - 2025-07-01"
38 m²,482 568 848 so’mKelishilgan,Samarqand - 2025-07-01
600 m²,1 904 877 033 so’m,Navoiy - 2025-07-01
300 m²,4 190 729 473 so’mKelishilgan,"Toshkent, Mirobod tumani - 2025-07-01"
10 m²,380 975 407 so’mKelishilgan,Guliston - 2025-07-01
1 187 m²,5 079 672 088 so’mKelishilgan,"Toshkent, Yashnobod tumani - 2025-07-01"
95 m²,9 000 000 so’m,Urganch - 2025-06-29
165 m²,1 079 430 319 so’mKelishilgan,Qibray - 2025-06-29
600 m²,3 174 795 055 so’mKelishilgan,Farg‘ona - 2025-07-01
420 m²,6 095 606 506 so’m,"Toshkent, Chilonzor tumani - 2025-07-01"
100 m²,400 000 000 so’mKelishilgan,Sho'rchi - 2025-07-01
3 m²,711 154 092 so’mKelishilgan,"Toshkent, Bektemir tumani - 2025-07-01"
350 m²,3 809 754 066 so’mKelishilgan,"Toshkent, Mirzo-Ulug‘bek tumani - 2025-07-01"
6 m²,1 904 877 033 so’m,"Toshkent, Yunusobod tumani - 2025-07-01"
240 m²,4 190 729 473 so’mKelishilgan,"Toshkent, Shayxontohur tumani - 2025-07-01"
1 200 m²,15 873 975 276 so’m,"Toshkent, Shayxontohur tumani - 2025-07-01"
70 m²,1 777 885 231 so’mKelishilgan,"Toshkent, Yunusobod tumani - 2025-07-01"
140 m²,1 111 178 269 so’m,"Toshkent, Sirg‘ali tumani - 2025-07-01"
600 m²,8 635 442 550 so’mKelishilgan,"Toshkent, Uchtepa tumani - 2025-07-01"
300 m²,2 539 836 044 so’m,Nukus - 2025-07-01
4 m²,634 959 011 so’mKelishilgan,Farg‘ona - 2025-07-01
500 m²,888 942 615 so’mKelishilgan,Nazarbek - 2025-07-01
350 m²,3 682 762 264 so’m,"Toshkent, Yunusobod tumani - 2025-07-01"
50 m²,609 560 651 so’m,"Toshkent, Yashnobod tumani - 2025-07-01"
1.20 m²,825 446 714 so’mKelishilgan,"Toshkent, Yashnobod tumani - 2025-07-01"
150 m²,2 222 356 539 so’mKelishilgan,"Toshkent, Yashnobod tumani - 2025-07-01"
157 m²,1 714 389 330 so’m,"Toshkent, Yashnobod tumani - 2025-07-01"
380 m²,5 079 672 088 so’mKelishilgan,"Toshkent, Yunusobod tumani - 2025-07-01"
220 m²,1 333 413 923 so’mKelishilgan,"Toshkent, Sirg‘ali tumani - 2025-06-30"
500 m²,8 889 426 155 so’mKelishilgan,"Toshkent, Yunusobod tumani - 2025-07-01"
300 m²,5 714 631 099 so’mKelishilgan,"Toshkent, Yunusobod tumani - 2025-07-01"
800 m²,11 175 278 594 so’m,"Toshkent, Mirzo-Ulug‘bek tumani - 2025-07-01"
1 000 m²,34 287 786 597 so’mKelishilgan,"Toshkent, Mirzo-Ulug‘bek tumani - 2025-07-01"
15 m²,350 000 000 so’mKelishilgan,Kasbi - 2025-07-01
200 m²,5 079 672 088 so’m,"Toshkent, Mirzo-Ulug‘bek tumani - 2025-07-01"
100 m²,952 438 517 so’m,"Toshkent, Sirg‘ali tumani - 2025-07-01"
3 m²,2 285 852 440 so’m,Eshonguzar - 2025-07-01
500 m²,3 809 754 066 so’mKelishilgan,"Toshkent, Uchtepa tumani - 2025-07-01"
400 m²,698 454 912 so’mKelishilgan,Buxoro - 2025-07-01
350 m²,8 127 475 341 so’mKelishilgan,"Toshkent, Yakkasaroy tumani - 2025-07-01"
100 m²,1 587 397 528 so’mKelishilgan,"Toshkent, Sirg‘ali tumani - 2025-07-01"
320 m²,2 666 827 846 so’m,"Toshkent, Mirzo-Ulug‘bek tumani - 2025-07-01"
350 m²,8 127 475 341 so’m,"Toshkent, Yakkasaroy tumani - 2025-07-01"
330 m²,2 260 454 079 so’m,"Toshkent, Yashnobod tumani - 2025-07-01"
450 m²,3 936 745 869 so’mKelishilgan,"Toshkent, Mirzo-Ulug‘bek tumani - 2025-07-01"
100 m²,119 000 000 so’m,"Toshkent, Yunusobod tumani - 2025-07-01"
5.50 m²,930 000 000 so’m,Yangi Margʻilon - 2025-07-01
100 m²,380 975 407 so’m,Chirchiq - 2025-07-01
80 m²,355 577 046 so’mKelishilgan,Jizzax - 2025-07-01
252 m²,10 540 319 583 so’m,"Toshkent, Mirobod tumani - 2025-07-01"
87 m²,300 000 000 so’mKelishilgan,Nukus - 2025-07-01
4 m²,1 333 413 923 so’mKelishilgan,Samarqand - 2025-07-01
480 m²,5 016 176 187 so’m,"Toshkent, Yakkasaroy tumani - 2025-07-01"
600 m²,6 984 549 122 so’mKelishilgan,"Toshkent, Mirzo-Ulug‘bek tumani - 2025-07-01"
712 m²,825 446 714 so’m,"Toshkent, Yunusobod tumani - 2025-07-01"
700 m²,4 444 713 077 so’mKelishilgan,Keles - 2025-07-01
6 m²,3 809 754 066 so’mKelishilgan,Samarqand - 2025-07-01
400 m²,5 333 655 693 so’mKelishilgan,"Toshkent, Chilonzor tumani - 2025-07-01"
70 m²,723 853 273 so’m,"Toshkent, Chilonzor tumani - 2025-06-30"
200 m²,2 730 323 748 so’m,"Toshkent, Uchtepa tumani - 2025-07-01"
3 m²,1 460 405 725 so’m,Ko'ksaroy - 2025-07-01
500 m²,4 571 704 880 so’m,"Toshkent, Uchtepa tumani - 2025-07-01"
350 m²,1 396 909 824 so’m,"Toshkent, Yashnobod tumani - 2025-07-01"
450 m²,3 936 745 869 so’m,"Toshkent, Mirzo-Ulug‘bek tumani - 2025-07-01"
5 m²,3 770 000 000 so’mKelishilgan,"Toshkent, Yunusobod tumani - 2025-07-01"
200 m²,2 044 568 016 so’mKelishilgan,"Toshkent, Sirg‘ali tumani - 2025-07-01"
370 m²,2 158 555 857 so’m,"Toshkent, Bektemir tumani - 2025-07-01"
220 m²,1 904 877 033 so’mKelishilgan,"Toshkent, Sirg‘ali tumani - 2025-07-01"
400 m²,2 527 136 864 so’mKelishilgan,"Toshkent, Shayxontohur tumani - 2025-07-01"
1 200 m²,380 000 000 so’mKelishilgan,Qarshi - 2025-06-30
400 m²,1 000 000 000 so’m,Navoiy - 2025-07-01
670 m²,6 476 581 913 so’m,"Toshkent, Yakkasaroy tumani - 2025-07-01"
264 m²,4 571 704 880 so’mKelishilgan,"Toshkent, Mirobod tumani - 2025-07-01"
6.50 m²,5 714 631 099 so’mKelishilgan,"Toshkent, Mirzo-Ulug‘bek tumani - 2025-07-01"
650 m²,5 714 631 099 so’m,"Toshkent, Shayxontohur tumani - 2025-07-01"
200 m²,1 904 877 033 so’mKelishilgan,Qibray - 2025-07-01
600 m²,2 539 836 044 so’mKelishilgan,"Toshkent, Mirzo-Ulug‘bek tumani - 2025-07-01"
25 m²,571 463 110 so’mKelishilgan,Yangiyo'l - 2025-07-01
360 m²,3 289 087 677 so’mKelishilgan,"Toshkent, Yunusobod tumani - 2025-07-01"
1 700 m²,17 778 852 309 so’m,"Toshkent, Yunusobod tumani - 2025-07-01"
1.70 m²,1 460 405 725 so’m,"Toshkent, Sirg‘ali tumani - 2025-07-01"
77 m²,1 587 397 528 so’mKelishilgan,"Toshkent, Shayxontohur tumani - 2025-07-01"
400 m²,7 556 012 231 so’m,"Toshkent, Mirzo-Ulug‘bek tumani - 2025-07-01"
460 m²,5 714 631 099 so’m,"Toshkent, Mirzo-Ulug‘bek tumani - 2025-07-01"
200 m²,3 174 795 055 so’mKelishilgan,"Toshkent, Yunusobod tumani - 2025-07-01"
150 m²,1 008 000 000 so’mKelishilgan,"Toshkent, Mirobod tumani - 2025-07-01"
300 m²,1 714 389 330 so’m,"Toshkent, Sirg‘ali tumani - 2025-07-01"
402 m²,736 552 453 so’mKelishilgan,"Toshkent, Mirzo-Ulug‘bek tumani - 2025-07-01"
5 000 m²,3 238 290 956 so’mKelishilgan,"Toshkent, Sirg‘ali tumani - 2025-07-01"
2.73 m²,2 158 860 638 so’m,"Toshkent, Yunusobod tumani - 2025-07-01"
4 m²,3 555 770 462 so’mKelishilgan,"Toshkent, Yunusobod tumani - 2025-06-30"
8 000 m²,4 444 713 077 so’m,Samarqand - 2025-06-30
300 m²,2 580 000 000 so’mKelishilgan,"Toshkent, Mirobod tumani - 2025-07-01"
450 m²,13 969 098 243 so’m,"Toshkent, Mirzo-Ulug‘bek tumani - 2025-07-01"
122 m²,698 454 912 so’mKelishilgan,Samarqand - 2025-07-01
242 m²,4 444 713 077 so’mKelishilgan,"Toshkent, Mirzo-Ulug‘bek tumani - 2025-07-01"
150 m²,5 079 672 088 so’mKelishilgan,"Toshkent, Yunusobod tumani - 2025-07-01"
58.37 m²,2 539 836 044 so’m,"Toshkent, Yunusobod tumani - 2025-07-01"
6 m²,1 142 926 220 so’mKelishilgan,Samarqand - 2025-07-01
350 m²,5 460 647 495 so’m,"Toshkent, Yunusobod tumani - 2025-07-01"
10 m²,1 904 877 033 so’m,Nazarbek - 2025-07-01
370 m²,5 333 655 693 so’mKelishilgan,Xo'jakent - 2025-07-01
90 m²,952 438 517 so’mKelishilgan,"Toshkent, Sirg‘ali tumani - 2025-07-01"
700 m²,1 536 600 807 so’m,"Toshkent, Yashnobod tumani - 2025-07-01"
400 m²,2 412 844 242 so’mKelishilgan,"Toshkent, Yunusobod tumani - 2025-07-01"
615 m²,11 429 262 199 so’mKelishilgan,"Toshkent, Mirzo-Ulug‘bek tumani - 2025-07-01"
200 m²,3 809 754 066 so’m,"Toshkent, Yakkasaroy tumani - 2025-07-01"
100 m²,3 111 299 154 so’mKelishilgan,"Toshkent, Mirzo-Ulug‘bek tumani - 2025-07-01"
260 m²,1 803 283 591 so’m,"Toshkent, Bektemir tumani - 2025-07-01"
400 m²,5 206 663 891 so’mKelishilgan,"Toshkent, Mirzo-Ulug‘bek tumani - 2025-07-01"
450 m²,9 524 385 166 so’mKelishilgan,"Toshkent, Mirzo-Ulug‘bek tumani - 2025-07-01"
450 m²,5 714 631 099 so’m,"Toshkent, Uchtepa tumani - 2025-07-01"
144 m²,190 487 703 so’mKelishilgan,"Toshkent, Yunusobod tumani - 2025-06-30"
30 m²,340 000 000 so’m,Qarshi - 2025-06-30
270 m²,1 574 698 347 so’mKelishilgan,"Toshkent, Sirg‘ali tumani - 2025-07-01"
400 m²,5 587 639 297 so’mKelishilgan,"Toshkent, Mirzo-Ulug‘bek tumani - 2025-07-01"
140 m²,1 384 210 644 so’m,"Toshkent, Sirg‘ali tumani - 2025-07-01"
8 m²,698 454 912 so’mKelishilgan,Chirchiq - 2025-07-01
330 m²,3 174 795 055 so’mKelishilgan,"Toshkent, Shayxontohur tumani - 2025-07-01"
600 m²,4 444 713 077 so’m,"Toshkent, Uchtepa tumani - 2025-07-01"
800 m²,1 904 877 033 so’mKelishilgan,Chirchiq - 2025-07-01
2.50 m²,1 650 893 429 so’m,Mirobod - 2025-07-01
36 m²,431 772 128 so’mKelishilgan,"Toshkent, Mirobod tumani - 2025-07-01"
300 m²,1 142 926 220 so’mKelishilgan,Samarqand - 2025-07-01
7.50 m²,698 454 912 so’mKelishilgan,Samarqand - 2025-07-01
150 m²,1 244 519 662 so’mKelishilgan,Keles - 2025-07-01
50 000 m²,634 959 011 so’m,Yangiyo'l - 2025-07-01
160 m²,2 412 844 242 so’m,"Toshkent, Yakkasaroy tumani - 2025-07-01"
400 m²,1 257 218 842 so’mKelishilgan,"Toshkent, Sirg‘ali tumani - 2025-07-01"
333 m²,5 524 143 396 so’mKelishilgan,"Toshkent, Mirzo-Ulug‘bek tumani - 2025-07-01"
180 m²,2 158 860 638 so’m,"Toshkent, Shayxontohur tumani - 2025-07-01"
220 m²,1 904 877 033 so’mKelishilgan,"Toshkent, Yunusobod tumani - 2025-07-01"
450 m²,1 015 934 418 so’m,"Toshkent, Yunusobod tumani - 2025-07-01"
8 m²,2 476 340 143 so’mKelishilgan,Samarqand - 2025-07-01
380 m²,6 984 549 122 so’m,"Toshkent, Mirzo-Ulug‘bek tumani - 2025-07-01"
430 m²,3 047 803 253 so’m,"Toshkent, Mirobod tumani - 2025-07-01"
300 m²,1 206 422 121 so’m,"Toshkent, Sirg‘ali tumani - 2025-07-01"
500 m²,6 349 577 411 so’mKelishilgan,"Toshkent, Mirzo-Ulug‘bek tumani - 2025-07-01"
500 m²,10 794 303 188 so’mKelishilgan,"Toshkent, Mirzo-Ulug‘bek tumani - 2025-07-01"
1 000 m²,13 969 098 243 so’mKelishilgan,"Toshkent, Mirzo-Ulug‘bek tumani - 2025-07-01"
600 m²,4 254 225 374 so’mKelishilgan,"Toshkent, Mirobod tumani - 2025-07-01"
600 m²,460 000 000 so’mKelishilgan,Nukus - 2025-07-01
90 m²,3 174 795 055 so’m,"Toshkent, Yunusobod tumani - 2025-07-01"
300 m²,4 825 688 484 so’mKelishilgan,"Toshkent, Mirzo-Ulug‘bek tumani - 2025-07-01"
900 m²,15 239 016 265 so’mKelishilgan,"Toshkent, Mirzo-Ulug‘bek tumani - 2025-07-01"
361 m²,1 968 372 934 so’mKelishilgan,"Toshkent, Yunusobod tumani - 2025-07-01"
440 m²,8 254 467 144 so’m,"Toshkent, Sirg‘ali tumani - 2025-07-01"
390 m²,5 460 647 495 so’mKelishilgan,"Toshkent, Yunusobod tumani - 2025-07-01"
750 m²,24 128 442 420 so’mKelishilgan,"Toshkent, Mirzo-Ulug‘bek tumani - 2025-07-01"
4.50 m²,869 893 845 so’m,Chirchiq - 2025-07-01
420 m²,6 730 565 517 so’m,"Toshkent, Mirzo-Ulug‘bek tumani - 2025-07-01"
450 m²,6 603 573 715 so’m,"Toshkent, Mirzo-Ulug‘bek tumani - 2025-07-01"
500 m²,8 876 726 974 so’m,"Toshkent, Mirzo-Ulug‘bek tumani - 2025-07-01"
65 m²,350 000 000 so’mKelishilgan,Qarshi - Bugunda 10:28
900 m²,16 508 934 287 so’m,"Toshkent, Mirzo-Ulug‘bek tumani - 2025-07-01"
490 m²,7 238 532 726 so’m,"Toshkent, Mirzo-Ulug‘bek tumani - 2025-07-01"
750 m²,24 128 442 420 so’m,"Toshkent, Mirzo-Ulug‘bek tumani - 2025-07-01"
75 m²,806 397 944 so’m,"Toshkent, Uchtepa tumani - 2025-07-01"
400 m²,2 222 356 539 so’mKelishilgan,Qibray - 2025-07-01
800 m²,12 064 221 210 so’mKelishilgan,"Toshkent, Mirzo-Ulug‘bek tumani - 2025-07-01"
400 m²,2 666 827 846 so’m,"Toshkent, Yunusobod tumani - 2025-07-01"
400 m²,10 159 344 177 so’mKelishilgan,"Toshkent, Mirzo-Ulug‘bek tumani - 2025-07-01"
3.05 m²,1 968 372 934 so’mKelishilgan,"Toshkent, Uchtepa tumani - 2025-06-21"
360 m²,1 714 389 330 so’mKelishilgan,"Toshkent, Mirzo-Ulug‘bek tumani - 2025-07-01"
5.40 m²,3 809 754 066 so’mKelishilgan,"Toshkent, Olmazor tumani - 2025-07-01"
500 m²,5 079 672 088 so’m,"Toshkent, Mirzo-Ulug‘bek tumani - 2025-07-01"
400 m²,1 422 308 185 so’mKelishilgan,Kattaqo'rg'on - 2025-07-01
450 m²,2 666 827 846 so’mKelishilgan,Buxoro - 2025-07-01
6 m²,5 714 631 099 so’m,"Toshkent, Yakkasaroy tumani - 2025-07-01"
2 500 m²,1 168 324 580 so’mKelishilgan,"Toshkent, Olmazor tumani - 2025-07-01"
365 m²,3 924 046 688 so’mKelishilgan,"Toshkent, Yunusobod tumani - 2025-07-01"
320 m²,5 333 655 693 so’mKelishilgan,"Toshkent, Mirzo-Ulug‘bek tumani - 2025-07-01"
406 m²,2 793 819 649 so’mKelishilgan,"Toshkent, Uchtepa tumani - 2025-06-30"
460 m²,1 269 918 022 so’m,Urganch - 2025-06-30
1 m²,3 047 803 253 so’m,"Toshkent, Chilonzor tumani - 2025-07-01"
360 m²,1 777 885 231 so’mKelishilgan,"Toshkent, Mirzo-Ulug‘bek tumani - 2025-07-01"
350 m²,6 349 590 111 so’mKelishilgan,"Toshkent, Mirzo-Ulug‘bek tumani - 2025-07-01"
180 m²,4 317 721 275 so’mKelishilgan,"Toshkent, Mirzo-Ulug‘bek tumani - 2025-07-01"
250 m²,2 666 827 846 so’m,"Toshkent, Mirzo-Ulug‘bek tumani - 2025-07-01"
300 m²,1 714 389 330 so’m,Qibray - 2025-07-01
500 m²,444 471 308 so’mKelishilgan,Guliston - 2025-06-29
230 m²,2 158 860 638 so’mKelishilgan,"Toshkent, Mirzo-Ulug‘bek tumani - 2025-07-01"
500 m²,5 714 631 099 so’mKelishilgan,"Toshkent, Shayxontohur tumani - 2025-07-01"
588 m²,5 333 655 693 so’mKelishilgan,"Toshkent, Mirzo-Ulug‘bek tumani - 2025-07-01"
250 m²,2 222 356 539 so’mKelishilgan,"Toshkent, Mirzo-Ulug‘bek tumani - 2025-07-01"
650 m²,29 208 114 508 so’m,"Toshkent, Yakkasaroy tumani - 2025-07-01"
123 456 m²,1 181 023 761 so’mKelishilgan,Tashmore - 2025-07-01
450 m²,1 142 926 220 so’mKelishilgan,To'ytepa - 2025-07-01
1 500 m²,19 048 770 332 so’mKelishilgan,"Toshkent, Mirzo-Ulug‘bek tumani - 2025-07-01"
3.50 m²,825 446 714 so’mKelishilgan,Nazarbek - 2025-07-01
8 m²,1 015 934 418 so’mKelishilgan,Samarqand - 2025-07-01
6 000 m²,571 463 110 so’m,Chirchiq - 2025-06-30
1 200 m²,152 390 163 so’m,"Toshkent, Bektemir tumani - 2025-07-01"
150 m²,1 460 405 725 so’m,"Toshkent, Shayxontohur tumani - 2025-07-01"
500 m²,571 463 110 so’m,Shahrisabz - 2025-07-01
400 m²,228 585 244 so’mKelishilgan,Guliston - 2025-07-01
1 400 m²,6 984 549 122 so’m,Keles - 2025-07-01
1 400 m²,24 128 442 420 so’m,"Toshkent, Mirzo-Ulug‘bek tumani - 2025-07-01"
1.20 m²,546 064 750 so’mKelishilgan,"Toshkent, Yashnobod tumani - 2025-07-01"
250 m²,2 920 811 451 so’m,"Toshkent, Mirobod tumani - 2025-07-01"
360 m²,7 365 524 528 so’mKelishilgan,"Toshkent, Mirzo-Ulug‘bek tumani - 2025-07-01"
6 m²,2 920 811 451 so’mKelishilgan,Samarqand - 2025-07-01
670 m²,5 968 614 704 so’mKelishilgan,"Toshkent, Yakkasaroy tumani - 2025-07-01"
300 m²,2 666 827 846 so’mKelishilgan,"Toshkent, Olmazor tumani - 2025-07-01"
50 m²,1 396 909 824 so’m,"Toshkent, Yashnobod tumani - 2025-07-01"
600 m²,1 181 023 761 so’mKelishilgan,Samarqand - 2025-07-01
200 m²,1 130 227 040 so’mKelishilgan,"Toshkent, Bektemir tumani - 2025-07-01"
400 m²,4 889 184 385 so’m,"Toshkent, Yunusobod tumani - 2025-07-01"
58 m²,463 520 078 so’mKelishilgan,"Toshkent, Mirobod tumani - 2025-07-01"
650 m²,8 762 434 352 so’mKelishilgan,"Toshkent, Mirzo-Ulug‘bek tumani - 2025-07-01"
1 000 m²,15 239 016 265 so’mKelishilgan,"Toshkent, Mirzo-Ulug‘bek tumani - 2025-07-01"
180 m²,3 301 786 857 so’m,Mirobod - 2025-07-01
320 m²,2 539 836 044 so’m,"Toshkent, Olmazor tumani - 2025-07-01"
40 m²,1 650 893 429 so’m,Samarqand - 2025-07-01
2 200 m²,2 285 852 440 so’mKelishilgan,"Toshkent, Yakkasaroy tumani - 2025-07-01"
180 m²,4 444 713 077 so’mKelishilgan,"Toshkent, Mirzo-Ulug‘bek tumani - 2025-07-01"
80 m²,825 446 714 so’m,"Toshkent, Yakkasaroy tumani - 2025-07-01"
49 m²,584 162 290 so’mKelishilgan,"Toshkent, Sirg‘ali tumani - 2025-07-01"
600 m²,3 047 803 253 so’mKelishilgan,Mirobod - 2025-07-01
130 m²,4 063 737 671 so’mKelishilgan,"Toshkent, Mirzo-Ulug‘bek tumani - 2025-07-01"
4 m²,952 438 517 so’m,Chirchiq - 2025-07-01
600 m²,1 181 023 761 so’mKelishilgan,Qibray - 2025-07-01
500 m²,6 095 606 506 so’m,"Toshkent, Mirzo-Ulug‘bek tumani - 2025-07-01"
400 m²,5 714 631 099 so’m,"Toshkent, Shayxontohur tumani - 2025-07-01"
150 m²,444 471 308 so’m,Angren - 2025-07-01
6 m²,1 142 926 220 so’mKelishilgan,Chirchiq - 2025-07-01
300 m²,3 809 754 066 so’mKelishilgan,"Toshkent, Mirzo-Ulug‘bek tumani - 2025-07-01"
215 m²,2 260 454 079 so’m,"Toshkent, Sirg‘ali tumani - 2025-07-01"
800 m²,2 539 836 044 so’m,"Toshkent, Yunusobod tumani - 2025-07-01"
350 m²,4 190 729 473 so’m,"Toshkent, Chilonzor tumani - 2025-07-01"